-- ============================================================
-- BookNow — Auto-generated INSERT statements
-- Generated by: crawler-tool
-- Date: 2026-03-13T04:30:35.717330600
-- ============================================================

USE [book_now]
GO


-- ============================================================
-- RoomType
-- ============================================================
SET IDENTITY_INSERT [dbo].[RoomType] ON;
INSERT INTO [dbo].[RoomType] ([room_type_id], [name], [description], [base_price], [over_price], [image_url], [max_guests], [area_m2], [is_deleted]) VALUES (1, N'Ocean City', N'Home – Hồng Phát, Ninh Kiều, Cần Thơ — * Đắm mình trong không gian đại dương xanh mát tại Ocean City – Localhome Hồng Phát! Thiết kế độc đáo, máy chiếu hiện đại, và không gian siêu thú vị đang chờ bạn tại khu dân cư Hồng Phát, Ninh Kiều, Cần Thơ.” * Tận hưởng kỳ nghỉ đáng nhớ tại Ocean City, nơi đại dương xanh hòa quyện cùng phong cách sống hiện đại. Vị trí đắc địa tại khu dân cư Hồng Phát, Ninh Kiều, Cần Thơ. * Trải nghiệm cảm giác như đang lạc vào lòng đại dương ngay tại Ocean City, nơi man...', 10000, 259000, N'https://v2.localhome.vn/uploads/2026/01/IMG_7447-scaled-1.jpeg', 4, NULL, 0);
INSERT INTO [dbo].[RoomType] ([room_type_id], [name], [description], [base_price], [over_price], [image_url], [max_guests], [area_m2], [is_deleted]) VALUES (2, N'Cook & Chill', N'Home – Hồng Phát, Ninh Kiều, Cần Thơ — * Trải nghiệm không gian Nhật Bản tinh tế và ấm cúng tại Cook & Chill Room – Localhome Hồng Phát! Thiết kế độc đáo, gian bếp tiện nghi, và không gian lãng mạn đang chờ bạn tại khu dân cư Hồng Phát, Ninh Kiều, Cần Thơ. * Tận hưởng kỳ nghỉ lãng mạn tại Cook & Chill Room, nơi phong cách Nhật Bản hòa quyện cùng sự ấm áp. Vị trí đắc địa tại khu dân cư Hồng Phát, Ninh Kiều, Cần Thơ. * Trải nghiệm cảm giác như lạc vào sứ sở Nhật Bản truyền thống ngay tại Cook &...', 10000, 265000, N'https://v2.localhome.vn/uploads/2026/01/z6601752296792_b914205b45ef244f1339fa6e3e8b8161.jpg', 4, NULL, 0);
INSERT INTO [dbo].[RoomType] ([room_type_id], [name], [description], [base_price], [over_price], [image_url], [max_guests], [area_m2], [is_deleted]) VALUES (3, N'Pink Paradise', N'Home – Hồng Phát, Ninh Kiều, Cần Thơ — * Bước vào thế giới màu hồng ngọt ngào tại Pink Paradise – Localhome Hồng Phát! Thiết kế đáng yêu, máy chiếu hiện đại, và không gian lãng mạn khó quên đang chờ bạn tại khu dân cư Hồng Phát, Ninh Kiều, Cần Thơ. * Tận hưởng kỳ nghỉ lãng mạn tại Pink Paradise, nơi màu hồng và sự ấm áp hòa quyện. Vị trí đắc địa tại khu dân cư Hồng Phát, Ninh Kiều, Cần Thơ. * Trải nghiệm cảm giác như lạc vào thiên đường màu hồng ngay tại Pink Paradise. Thiết kế phòng ấn tượng...', 10000, 185000, N'https://v2.localhome.vn/uploads/2026/01/IMG_5894-scaled-1.jpeg', 4, NULL, 0);
INSERT INTO [dbo].[RoomType] ([room_type_id], [name], [description], [base_price], [over_price], [image_url], [max_guests], [area_m2], [is_deleted]) VALUES (4, N'Tiger Woods', N'Home – Hồng Phát, Ninh Kiều, Cần Thơ — * Trải nghiệm không gian giải trí độc đáo như sân golf tại Tiger Woods – Localhome Hồng Phát! Thiết kế mới lạ, thảm cỏ xanh mướt, và không gian sân vườn thư giãn đang chờ bạn tại khu dân cư Hồng Phát, Ninh Kiều, Cần Thơ. * Tận hưởng kỳ nghỉ đáng nhớ tại Tiger Woods, nơi sân golf mini hòa quyện cùng phong cách sống hiện đại. Vị trí đắc địa tại khu dân cư Hồng Phát, Ninh Kiều, Cần Thơ. * Trải nghiệm cảm giác như đang chơi golf ngay tại phòng Tiger Woods. T...', 10000, 215000, N'https://v2.localhome.vn/uploads/2026/01/IMG_7453-scaled-1.jpeg', 4, NULL, 0);
INSERT INTO [dbo].[RoomType] ([room_type_id], [name], [description], [base_price], [over_price], [image_url], [max_guests], [area_m2], [is_deleted]) VALUES (5, N'Ball Chill', N'Home – Hồng Phát, Ninh Kiều, Cần Thơ — * Tận hưởng không gian nghỉ dưỡng đẳng cấp tại Ball Chill – Localhome Hồng Phát, nơi sự sang trọng và thư giãn hòa quyện. Bàn bida, bồn tắm, và view ban công tuyệt đẹp như Đà Lạt đang chờ đón bạn tại khu dân cư Hồng Phát, Ninh Kiều, Cần Thơ.” * Tìm kiếm một nơi để trốn khỏi nhịp sống hối hả? Ball Chill với thiết kế tinh tế, bàn bida giải trí, và không gian ấm cúng sẽ mang đến cho bạn những trải nghiệm khó quên tại trung tâm Cần Thơ. * Đắm mình trong khôn...', 10000, 285000, N'https://v2.localhome.vn/uploads/2026/01/z7584222270773_f80c5c076cdc0f5c535bc5f045e646a0.jpg', 4, NULL, 0);
INSERT INTO [dbo].[RoomType] ([room_type_id], [name], [description], [base_price], [over_price], [image_url], [max_guests], [area_m2], [is_deleted]) VALUES (6, N'GameHub', N'Home – Hồng Phát, Ninh Kiều, Cần Thơ — * Khám phá không gian gaming đỉnh cao ngay tại trung tâm Cần Thơ! Phòng Gamehub – Localhome Hồng Phát tọa lạc tại khu dân cư Hồng Phát, Ninh Kiều, mang đến trải nghiệm giải trí tuyệt vời với PS4, máy chiếu, và thiết kế phòng độc đáo. * Tìm kiếm một nơi nghỉ ngơi khác biệt tại Cần Thơ? Phòng đậm chất gaming của chúng tôi với tone màu xám sang trọng, đầy đủ tiện nghi, và vị trí thuận lợi tại khu dân cư Hồng Phát sẽ là lựa chọn lý tưởng. * Tận hưởng kỳ nghỉ...', 10000, 295000, N'https://v2.localhome.vn/uploads/2026/01/IMG_6113-scaled-1.jpeg', 4, NULL, 0);
INSERT INTO [dbo].[RoomType] ([room_type_id], [name], [description], [base_price], [over_price], [image_url], [max_guests], [area_m2], [is_deleted]) VALUES (7, N'Honey House', N'Home – Hồng Phát, Ninh Kiều, Cần Thơ — Honey House Cần Thơ : Nơi Tình Yêu Thăng Hoa và Trải Nghiệm Điện Ảnh Tuyệt Đỉnh Bạn đang tìm kiếm một không gian riêng tư, lãng mạn và đầy ắp những trải nghiệm thú vị tại Cần Thơ? Hãy đến với Honey House, homestay độc đáo được thiết kế để mang đến cho bạn và người thương những khoảnh khắc ngọt ngào và đáng nhớ. Honey House không chỉ là một nơi để nghỉ ngơi, mà còn là một điểm đến lý tưởng cho các cặp đôi muốn hâm nóng tình cảm hoặc đơn giản là tận hưởng ...', 10000, 265000, N'https://v2.localhome.vn/uploads/2026/01/z6374432559123_d278ee74a6bcab610291dba2c95a71bc.jpg', 4, NULL, 0);
INSERT INTO [dbo].[RoomType] ([room_type_id], [name], [description], [base_price], [over_price], [image_url], [max_guests], [area_m2], [is_deleted]) VALUES (8, N'Ocean', NULL, 10000, 239000, N'https://v2.localhome.vn/uploads/2026/02/z7534917297422_08ecc920935912c541b449c18906d582-e1771231529375.jpg', 4, NULL, 0);
INSERT INTO [dbo].[RoomType] ([room_type_id], [name], [description], [base_price], [over_price], [image_url], [max_guests], [area_m2], [is_deleted]) VALUES (9, N'Cine Room', N'Home - Nguyễn Việt Hồng, Cần Thơ — Tìm kiếm không gian riêng tư, lãng mạn tại Cần Thơ? Homestay của chúng tôi sẽ mang đến cho bạn những trải nghiệm đáng nhớ với phòng CINE thiết kế độc đáo, cùng loạt tiện nghi hiện đại phù hợp cho các cặp đôi. Bạn đang tìm kiếm một nơi để tận hưởng kỳ nghỉ lãng mạn, riêng tư cùng người yêu? Khỏi phải lo lắng về những ánh mắt soi mói, những quy tắc cứng nhắc, homestay của chúng tôi sẽ là điểm đến lý tưởng cho bạn. Với thiết kế hiện đại, không gian ấm cúng và đ...', 10000, 245000, N'https://v2.localhome.vn/uploads/2026/02/z7499252138543_aea81bc698b3ded71b1c17d3e4744f8a.jpg', 4, NULL, 0);
INSERT INTO [dbo].[RoomType] ([room_type_id], [name], [description], [base_price], [over_price], [image_url], [max_guests], [area_m2], [is_deleted]) VALUES (10, N'Ivy Graden', N'Home - Nguyễn Việt Hồng, Cần Thơ — Tìm kiếm không gian riêng tư, lãng mạn tại Cần Thơ? Homestay của chúng tôi sẽ mang đến cho bạn những trải nghiệm đáng nhớ với phòng IVY GARDEN thiết kế độc đáo, cùng loạt tiện nghi hiện đại phù hợp cho các cặp đôi. Bạn đang tìm kiếm một nơi để tận hưởng kỳ nghỉ lãng mạn, riêng tư cùng người yêu? Khỏi phải lo lắng về những ánh mắt soi mói, những quy tắc cứng nhắc, homestay của chúng tôi sẽ là điểm đến lý tưởng cho bạn. Với thiết kế hiện đại, không gian ấm cún...', 10000, 225000, N'https://v2.localhome.vn/uploads/2026/02/z7499250703370_9798f757acd184193c0eb71156be26f1-scaled.jpg', 4, NULL, 0);
INSERT INTO [dbo].[RoomType] ([room_type_id], [name], [description], [base_price], [over_price], [image_url], [max_guests], [area_m2], [is_deleted]) VALUES (11, N'Bae Bear', N'Home - Nguyễn Việt Hồng, Cần Thơ — Homestay không lễ tân Cần Thơ, Phòng BAE BEAR – Homestay Riêng Tư, Lãng Mạn tại Cần Thơ Tìm kiếm không gian riêng tư, lãng mạn tại Cần Thơ? Homestay của chúng tôi sẽ mang đến cho bạn những trải nghiệm đáng nhớ với phòng BAE BEAR thiết kế độc đáo, cùng loạt tiện nghi hiện đại phù hợp cho các cặp đôi. Bạn đang tìm kiếm một nơi để tận hưởng kỳ nghỉ lãng mạn, riêng tư cùng người yêu? Khỏi phải lo lắng về những ánh mắt soi mói, những quy tắc cứng nhắc, homestay c...', 10000, 225000, N'https://v2.localhome.vn/uploads/2026/02/7494753594044.jpeg', 4, NULL, 0);
INSERT INTO [dbo].[RoomType] ([room_type_id], [name], [description], [base_price], [over_price], [image_url], [max_guests], [area_m2], [is_deleted]) VALUES (12, N'Wood Mood', N'Home - Nguyễn Việt Hồng, Cần Thơ — Homestay không lễ tân Cần Thơ, Phòng WOOD MOOD – Homestay Riêng Tư, Lãng Mạn tại Cần Thơ Tìm kiếm không gian riêng tư, lãng mạn tại Cần Thơ? Homestay của chúng tôi sẽ mang đến cho bạn những trải nghiệm đáng nhớ với phòng WOOD MOOD thiết kế độc đáo, cùng loạt tiện nghi hiện đại phù hợp cho các cặp đôi. Bạn đang tìm kiếm một nơi để tận hưởng kỳ nghỉ lãng mạn, riêng tư cùng người yêu? Khỏi phải lo lắng về những ánh mắt soi mói, những quy tắc cứng nhắc, homestay...', 10000, 245000, N'https://v2.localhome.vn/uploads/2026/02/z7499249092934_80af57479a80a12e428a8539353b5e13-scaled.jpg', 4, NULL, 0);
INSERT INTO [dbo].[RoomType] ([room_type_id], [name], [description], [base_price], [over_price], [image_url], [max_guests], [area_m2], [is_deleted]) VALUES (13, N'Calm Cloud', N'Home - Nguyễn Việt Hồng, Cần Thơ — Homestay không lễ tân Cần Thơ, Phòng CALM CLOUD – Homestay Riêng Tư, Lãng Mạn tại Cần Thơ Tìm kiếm không gian riêng tư, lãng mạn tại Cần Thơ? Homestay của chúng tôi sẽ mang đến cho bạn những trải nghiệm đáng nhớ với phòng CALM CLOUD thiết kế độc đáo, cùng loạt tiện nghi hiện đại phù hợp cho các cặp đôi. Bạn đang tìm kiếm một nơi để tận hưởng kỳ nghỉ lãng mạn, riêng tư cùng người yêu? Khỏi phải lo lắng về những ánh mắt soi mói, những quy tắc cứng nhắc, homest...', 10000, 195000, N'https://v2.localhome.vn/uploads/2026/02/z7499251524411_ea7e968e28eeb02439a42c6cf267b7ae-scaled.jpg', 4, NULL, 0);
INSERT INTO [dbo].[RoomType] ([room_type_id], [name], [description], [base_price], [over_price], [image_url], [max_guests], [area_m2], [is_deleted]) VALUES (14, N'Bass Bar', N'Home - Nguyễn Việt Hồng, Cần Thơ — Homestay không lễ tân Cần Thơ, Phòng BASS BAR – Homestay Riêng Tư, Lãng Mạn tại Cần Thơ Tìm kiếm không gian riêng tư, lãng mạn tại Cần Thơ? Homestay của chúng tôi sẽ mang đến cho bạn những trải nghiệm đáng nhớ với phòng BASS BAR thiết kế độc đáo, cùng loạt tiện nghi hiện đại phù hợp cho các cặp đôi. Bạn đang tìm kiếm một nơi để tận hưởng kỳ nghỉ lãng mạn, riêng tư cùng người yêu? Khỏi phải lo lắng về những ánh mắt soi mói, những quy tắc cứng nhắc, homestay c...', 10000, 325000, N'https://v2.localhome.vn/uploads/2026/02/z7499247768075_ce3d1d527b835f481f72426213a33b22-scaled.jpg', 4, NULL, 0);
INSERT INTO [dbo].[RoomType] ([room_type_id], [name], [description], [base_price], [over_price], [image_url], [max_guests], [area_m2], [is_deleted]) VALUES (15, N'Mellow', NULL, 159000, 189000, N'https://v2.localhome.vn/uploads/2025/12/z7349695363287_5bf4138aa9e6c6dab473030680e8e365.jpg', 4, NULL, 0);
INSERT INTO [dbo].[RoomType] ([room_type_id], [name], [description], [base_price], [over_price], [image_url], [max_guests], [area_m2], [is_deleted]) VALUES (16, N'Lion King', NULL, 10000, 169000, N'https://v2.localhome.vn/uploads/2025/12/z7349696756970_71e7326b6052428d9eddb44c3d1804ee.jpg', 4, NULL, 0);
INSERT INTO [dbo].[RoomType] ([room_type_id], [name], [description], [base_price], [over_price], [image_url], [max_guests], [area_m2], [is_deleted]) VALUES (17, N'Love Blaze', NULL, 169000, 199000, N'https://v2.localhome.vn/uploads/2025/12/z7349695873887_c8c99e9f8fef5c13d15846bdfd27ac09.jpg', 4, NULL, 0);
INSERT INTO [dbo].[RoomType] ([room_type_id], [name], [description], [base_price], [over_price], [image_url], [max_guests], [area_m2], [is_deleted]) VALUES (18, N'Squid Game', NULL, 199000, 279000, N'https://v2.localhome.vn/uploads/2025/12/z7349696198014_153eca56a10aedd456f0a349888a2614.jpg', 4, NULL, 0);
INSERT INTO [dbo].[RoomType] ([room_type_id], [name], [description], [base_price], [over_price], [image_url], [max_guests], [area_m2], [is_deleted]) VALUES (19, N'Lavender', NULL, 10000, 235000, N'https://v2.localhome.vn/uploads/2025/10/z7168722025286_73f524ac8b452db4f37eea8228a57f97-scaled.jpg', 4, NULL, 0);
INSERT INTO [dbo].[RoomType] ([room_type_id], [name], [description], [base_price], [over_price], [image_url], [max_guests], [area_m2], [is_deleted]) VALUES (20, N'Ruby (Bida)', NULL, 10000, 245000, N'https://v2.localhome.vn/uploads/2025/10/z7168722520692_85e713d63a4ea9ae33d62bd30a18d5f0.jpg', 4, NULL, 0);
INSERT INTO [dbo].[RoomType] ([room_type_id], [name], [description], [base_price], [over_price], [image_url], [max_guests], [area_m2], [is_deleted]) VALUES (21, N'Cinema Zone', NULL, 10000, 235000, N'https://v2.localhome.vn/uploads/2025/10/z7168721532938_3d4582860fb0a4448750754df16de2a5.jpg', 4, NULL, 0);
INSERT INTO [dbo].[RoomType] ([room_type_id], [name], [description], [base_price], [over_price], [image_url], [max_guests], [area_m2], [is_deleted]) VALUES (22, N'Solo Gaming', NULL, 10000, 255000, N'https://v2.localhome.vn/uploads/2025/10/z7168716871795_afa1bec85525e04da07250d08d59d83a.jpg', 4, NULL, 0);
INSERT INTO [dbo].[RoomType] ([room_type_id], [name], [description], [base_price], [over_price], [image_url], [max_guests], [area_m2], [is_deleted]) VALUES (23, N'Green Haven', NULL, 10000, 185000, N'https://v2.localhome.vn/uploads/2025/10/z7168716317186_2ee085980c98f3d353ede02c3ea7c374.jpg', 4, NULL, 0);
INSERT INTO [dbo].[RoomType] ([room_type_id], [name], [description], [base_price], [over_price], [image_url], [max_guests], [area_m2], [is_deleted]) VALUES (24, N'Zone X (Bida)', NULL, 10000, 285000, N'https://v2.localhome.vn/uploads/2025/10/z7168715765691_30d2f50b64768493d41f432b6141c03e.jpg', 4, NULL, 0);
INSERT INTO [dbo].[RoomType] ([room_type_id], [name], [description], [base_price], [over_price], [image_url], [max_guests], [area_m2], [is_deleted]) VALUES (25, N'Mykonos', NULL, 10000, 255000, N'https://v2.localhome.vn/uploads/2025/10/z7168719788446_0b17babb58a2bbad1be9f710e4802ca7.jpg', 4, NULL, 0);
INSERT INTO [dbo].[RoomType] ([room_type_id], [name], [description], [base_price], [over_price], [image_url], [max_guests], [area_m2], [is_deleted]) VALUES (26, N'Orange Pop', NULL, 10000, 235000, N'https://v2.localhome.vn/uploads/2025/10/z7168721035193_218bca618a9b68011a2afe3dcf14d0b0.jpg', 4, NULL, 0);
INSERT INTO [dbo].[RoomType] ([room_type_id], [name], [description], [base_price], [over_price], [image_url], [max_guests], [area_m2], [is_deleted]) VALUES (27, N'Moon Space', NULL, 10000, 305000, N'https://v2.localhome.vn/uploads/2025/10/z7168720410436_c659e261b262d1d1a1efb16da647b4c4.jpg', 4, NULL, 0);
INSERT INTO [dbo].[RoomType] ([room_type_id], [name], [description], [base_price], [over_price], [image_url], [max_guests], [area_m2], [is_deleted]) VALUES (28, N'Cheese (Bếp)', NULL, 10000, 285000, N'https://v2.localhome.vn/uploads/2025/10/z7168718608037_2ae48982f7cfd857bb1c5555325a0d82.jpg', 4, NULL, 0);
INSERT INTO [dbo].[RoomType] ([room_type_id], [name], [description], [base_price], [over_price], [image_url], [max_guests], [area_m2], [is_deleted]) VALUES (29, N'Love Pink', NULL, 10000, 235000, N'https://v2.localhome.vn/uploads/2025/10/z7168717925149_36673d8f307f047bdfe64e53b12264d6.jpg', 4, NULL, 0);
INSERT INTO [dbo].[RoomType] ([room_type_id], [name], [description], [base_price], [over_price], [image_url], [max_guests], [area_m2], [is_deleted]) VALUES (30, N'Blue Wave', NULL, 10000, 265000, N'https://v2.localhome.vn/uploads/2025/10/z7168717427049_4ea412a08efbce60d150ad28eb50e68d.jpg', 4, NULL, 0);
INSERT INTO [dbo].[RoomType] ([room_type_id], [name], [description], [base_price], [over_price], [image_url], [max_guests], [area_m2], [is_deleted]) VALUES (31, N'Fini Home', N'Home – Hưng Phú 1, Cái Răng, Cần Thơ — Tìm kiếm không gian riêng tư, lãng mạn tại Cần Thơ? Homestay của chúng tôi sẽ mang đến cho bạn những trải nghiệm đáng nhớ với phòng Fini thiết kế độc đáo, cùng loạt tiện nghi hiện đại như bếp, máy chiếu, bồn tắm và máy bán hàng tự động. Hoàn toàn tự do, không gian riêng tư tuyệt đối, phù hợp cho các cặp đôi. Bạn đang tìm kiếm một nơi để tận hưởng kỳ nghỉ lãng mạn, riêng tư cùng người yêu? Khỏi phải lo lắng về những ánh mắt soi mói, những quy tắc cứng nhắ...', 20000, 205000, N'https://v2.localhome.vn/uploads/2025/10/z6331387091741_ebc205ade29e90c594d6ff6fb855f72d.jpg', 4, NULL, 0);
INSERT INTO [dbo].[RoomType] ([room_type_id], [name], [description], [base_price], [over_price], [image_url], [max_guests], [area_m2], [is_deleted]) VALUES (32, N'Luca Home', N'Home – Hưng Phú 1, Cái Răng, Cần Thơ — Đắm mình trong không gian riêng tư, thoải mái tại homestay Luca – ngôi nhà thứ hai của bạn ở Cần Thơ. Với các phòng thiết kế hiện đại, tiện nghi đầy đủ như bếp, máy chiếu, bồn tắm, và đặc biệt là hệ thống tự check-in, homestay Luca là lựa chọn hoàn hảo cho các cặp đôi, nhóm bạn muốn tận hưởng kỳ nghỉ riêng tư và ý nghĩa. Bạn đang tìm kiếm một nơi nghỉ dưỡng yên tĩnh, riêng tư và đầy đủ tiện nghi tại Cần Thơ? Homestay Luca chính là câu trả lời hoàn hảo ch...', 20000, 245000, N'https://v2.localhome.vn/uploads/2025/10/IMG_7460-scaled-1.jpeg', 4, NULL, 0);
INSERT INTO [dbo].[RoomType] ([room_type_id], [name], [description], [base_price], [over_price], [image_url], [max_guests], [area_m2], [is_deleted]) VALUES (33, N'CCV Cinema', N'Home – Hưng Phú 1, Cái Răng, Cần Thơ — Nếu bạn đang tìm kiếm một không gian nghỉ dưỡng riêng tư, hiện đại và đầy đủ tiện nghi tại Cần Thơ, thì homestay không lễ tân với phòng giống rạp chiếu phim CGV Cinemas chính là lựa chọn hoàn hảo. Tại Localhome, chúng tôi tôn trọng sự riêng tư của khách hàng. Vì vậy, chúng tôi đã thiết kế một hệ thống tự check-in hiện đại, giúp bạn có thể thoải mái đến và đi mà không bị ràng buộc bởi giờ giấc. Bạn sẽ có toàn bộ không gian riêng để thư giãn và tận hưởng k...', 20000, 275000, N'https://v2.localhome.vn/uploads/2025/10/IMG_9256-scaled-1.jpeg', 4, NULL, 0);
INSERT INTO [dbo].[RoomType] ([room_type_id], [name], [description], [base_price], [over_price], [image_url], [max_guests], [area_m2], [is_deleted]) VALUES (34, N'BEACH', N'Home – Hưng Phú 1, Cái Răng, Cần Thơ — Nếu bạn đang tìm kiếm một không gian nghỉ dưỡng riêng tư, hiện đại và đầy đủ tiện nghi tại Cần Thơ, thì homestay không lễ tân với phòng giống rạp chiếu phim CGV Cinemas chính là lựa chọn hoàn hảo. Tại Localhome, chúng tôi tôn trọng sự riêng tư của khách hàng. Vì vậy, chúng tôi đã thiết kế một hệ thống tự check-in hiện đại, giúp bạn có thể thoải mái đến và đi mà không bị ràng buộc bởi giờ giấc. Bạn sẽ có toàn bộ không gian riêng để thư giãn và tận hưởng k...', 20000, 275000, N'https://v2.localhome.vn/uploads/2025/10/IMG_8118-scaled-1.jpeg', 4, NULL, 0);
INSERT INTO [dbo].[RoomType] ([room_type_id], [name], [description], [base_price], [over_price], [image_url], [max_guests], [area_m2], [is_deleted]) VALUES (35, N'Sweet Dreams', N'Home – Hưng Phú 1, Cái Răng, Cần Thơ — Bạn đã bao giờ mơ về một không gian riêng tư, ấm cúng để trốn khỏi những ồn ào của cuộc sống? Homestay Sweet Dreams chính là nơi bạn tìm thấy sự bình yên và tận hưởng những giấc mơ đẹp nhất. Nằm tại KDC Hưng Phú 1, homestay của chúng tôi mang đến một trải nghiệm lưu trú độc đáo với không gian thiết kế tinh tế, tiện nghi hiện đại và sự riêng tư tuyệt đối. Giới thiệu chung về homestay: Điểm nổi bật của Phòng phong cách Sweet Dreams tại Cần Thơ: Homestay kí...', 20000, 235000, N'https://v2.localhome.vn/uploads/2025/10/IMG_8823.jpeg', 4, NULL, 0);
INSERT INTO [dbo].[RoomType] ([room_type_id], [name], [description], [base_price], [over_price], [image_url], [max_guests], [area_m2], [is_deleted]) VALUES (36, N'Da Lat', N'Home – Hưng Phú 1, Cái Răng, Cần Thơ — Bạn đang tìm kiếm một không gian riêng tư, ấm cúng để tận hưởng kỳ nghỉ tại Cần Thơ? Localhome chính là điểm đến lý tưởng cho những ai yêu thích sự tự do và khám phá. Với thiết kế mang đậm phong cách Đà Lạt lãng mạn, kết hợp cùng các tiện nghi hiện đại như bếp nấu, máy chiếu, bồn tắm và máy bán hàng tự động, homestay của chúng tôi cam kết mang đến cho bạn trải nghiệm nghỉ dưỡng tuyệt vời nhất. Điểm nhấn phòng Đà Lạt: Localhome ngôi nhà nhỏ xinh nằm ẩn mì...', 20000, 285000, N'https://v2.localhome.vn/uploads/2025/10/IMG_7052-scaled-1.jpeg', 4, NULL, 0);
INSERT INTO [dbo].[RoomType] ([room_type_id], [name], [description], [base_price], [over_price], [image_url], [max_guests], [area_m2], [is_deleted]) VALUES (37, N'Pink Dream', NULL, 135000, 210000, N'https://v2.localhome.vn/uploads/2025/10/z7127088765884_e84544a660d5b4ddb051415f3dd87bc4-scaled.jpg', 4, NULL, 0);
INSERT INTO [dbo].[RoomType] ([room_type_id], [name], [description], [base_price], [over_price], [image_url], [max_guests], [area_m2], [is_deleted]) VALUES (38, N'Blue Vibe', NULL, 145000, 175000, N'https://v2.localhome.vn/uploads/2025/10/z7127092058861_fab30fb17f46a82afba5fb6534ea4f81.jpg', 4, NULL, 0);
INSERT INTO [dbo].[RoomType] ([room_type_id], [name], [description], [base_price], [over_price], [image_url], [max_guests], [area_m2], [is_deleted]) VALUES (39, N'Pure Relax', NULL, 155000, 185000, N'https://v2.localhome.vn/uploads/2025/10/z7127094083422_71d1eaf6a0bfb71f60c6cf701fc36872-Copy.jpg', 4, NULL, 0);
INSERT INTO [dbo].[RoomType] ([room_type_id], [name], [description], [base_price], [over_price], [image_url], [max_guests], [area_m2], [is_deleted]) VALUES (40, N'Honey Glow', NULL, 145000, 175000, N'https://v2.localhome.vn/uploads/2025/10/z7127109806823_7f25ef83b2bdae562ab44deb6346afcf.jpg', 4, NULL, 0);
INSERT INTO [dbo].[RoomType] ([room_type_id], [name], [description], [base_price], [over_price], [image_url], [max_guests], [area_m2], [is_deleted]) VALUES (41, N'CGV Room', NULL, 155000, 225000, N'https://v2.localhome.vn/uploads/2025/10/z7127113480090_6974f6edf1afc7e42d38bff3dc143358.jpg', 4, NULL, 0);
INSERT INTO [dbo].[RoomType] ([room_type_id], [name], [description], [base_price], [over_price], [image_url], [max_guests], [area_m2], [is_deleted]) VALUES (42, N'Smoke Kitchen', NULL, 165000, 235000, N'https://v2.localhome.vn/uploads/2025/10/z7127116578273_4a98021a087e62b0f341a7feb1e0a940.jpg', 4, NULL, 0);
INSERT INTO [dbo].[RoomType] ([room_type_id], [name], [description], [base_price], [over_price], [image_url], [max_guests], [area_m2], [is_deleted]) VALUES (43, N'8 Ball House', NULL, 155000, 225000, N'https://v2.localhome.vn/uploads/2025/10/z7127127242074_9f37019f2691b3971d730ee8113074bd.jpg', 4, NULL, 0);
INSERT INTO [dbo].[RoomType] ([room_type_id], [name], [description], [base_price], [over_price], [image_url], [max_guests], [area_m2], [is_deleted]) VALUES (44, N'La Maison', N'Home - Cái Khế, Ninh Kiều, Cần Thơ — Phòng La Maison Cần Thơ – Homestay Lý Tưởng Cho Cặp Đôi Thư Giãn Bạn đang tìm kiếm một homestay không lễ tân tại Cần Thơ với không gian riêng tư, sang trọng và phong cách thiết kế nghệ thuật độc đáo cho kỳ nghỉ tuyệt vời cùng người yêu? Phòng La Maison, homestay không lễ tân tại Cần Thơ, mang đến không gian ấm cúng, nghệ thuật, cùng tiện nghi hiện đại như máy chiếu Vị trí thuận lợi, giá tốt. Homestay của chúng tôi tọa lạc tại Cái Khế, Ninh Kiều, Cần Thơ, v...', 10000, 245000, N'https://v2.localhome.vn/uploads/2025/08/IMG_20241220_235414.jpg', 4, NULL, 0);
INSERT INTO [dbo].[RoomType] ([room_type_id], [name], [description], [base_price], [over_price], [image_url], [max_guests], [area_m2], [is_deleted]) VALUES (45, N'MasterChef', N'Home - Cái Khế, Ninh Kiều, Cần Thơ — MasterChef – Homestay Không Lễ Tân Với Tiện Nghi Hiện Đại Tại Cần Thơ Phòng nghỉ MasterChef là lựa chọn lý tưởng cho những ai đang tìm kiếm một homestay không lễ tân tại Cần Thơ với không gian hiện đại, thanh lịch và tiện nghi đầy đủ. Đây không chỉ là một nơi lưu trú, mà còn mang đến cảm giác thoải mái và tự do như chính ngôi nhà của bạn. Nếu bạn đang tìm kiếm một homestay có bếp tại Cần Thơ, hoặc muốn trải nghiệm homestay không lễ tân với sự thoải mái và ...', 10000, 205000, N'https://v2.localhome.vn/uploads/2025/08/z6891929987737_1dce01fb17f686d53c12702e48bdb813-scaled-1.jpg', 4, NULL, 0);
INSERT INTO [dbo].[RoomType] ([room_type_id], [name], [description], [base_price], [over_price], [image_url], [max_guests], [area_m2], [is_deleted]) VALUES (46, N'Atlantis', N'Home - Cái Khế, Ninh Kiều, Cần Thơ — Bạn đang tìm kiếm một homestay tại Cần Thơ với không gian riêng tư, độc đáo, phù hợp để tận hưởng kỳ nghỉ bên người yêu? Phòng Atlantis sẽ là lựa chọn hoàn hảo, mang đến không gian thiết kế tinh tế, hiện đại và đầy cảm hứng. Với các tiện nghi cao cấp như máy chiếu 100 inch, cùng phong cách trang trí ấn tượng, phòng Atlantis sẽ khiến kỳ nghỉ của bạn trở nên đáng nhớ hơn bao giờ hết. Phòng Atlantis được thiết kế với phong cách hiện đại pha chút nghệ thuật, m...', 10000, 195000, N'https://v2.localhome.vn/uploads/2025/08/IMG_5249-1-scaled-1.jpeg', 4, NULL, 0);
INSERT INTO [dbo].[RoomType] ([room_type_id], [name], [description], [base_price], [over_price], [image_url], [max_guests], [area_m2], [is_deleted]) VALUES (47, N'Forest', N'Home - Cái Khế, Ninh Kiều, Cần Thơ — omestay Không Lễ Tân tại Cần Thơ – Phòng Forest Riêng Tư, Sang Trọng Bạn đang tìm kiếm một homestay không lễ tân tại Cần Thơ với không gian riêng tư, sang trọng cho kỳ nghỉ tuyệt vời cùng người yêu? Phòng Forest tại homestay của chúng tôi sẽ mang đến cho bạn những trải nghiệm đáng nhớ, với thiết kế ấm áp, sang trọng và đầy đủ tiện nghi hiện đại như: máy chiếu, máy bán hàng tự động. Đặc biệt, homestay của chúng tôi cam kết không gian riêng tư tuyệt đối, phù...', 10000, 215000, N'https://v2.localhome.vn/uploads/2025/08/z6891961107117_0861daf8bc5d99d5f40754b62eb7d1ae.jpg', 4, NULL, 0);
INSERT INTO [dbo].[RoomType] ([room_type_id], [name], [description], [base_price], [over_price], [image_url], [max_guests], [area_m2], [is_deleted]) VALUES (48, N'Vibe Home', N'Home - Cái Khế, Ninh Kiều, Cần Thơ — Vibe Home – Homestay Tự Check-In, Tiện Nghi Và Hiện Đại Tại Cần Thơ Phòng nghỉ Vibe Home là điểm dừng chân hoàn hảo dành cho những ai muốn tận hưởng không gian nghỉ dưỡng tiện nghi, hiện đại và tự do. Được thiết kế theo phong cách trẻ trung, kết hợp cùng các tiện ích cao cấp, Vibe Home là lựa chọn lý tưởng cho kỳ nghỉ tại Cần Thơ. Hãy đến với Vibe Home để trải nghiệm một homestay hiện đại, tiện nghi và lý tưởng giữa lòng Cần Thơ. Thư giãn và khám phá những...', 10000, 265000, N'https://v2.localhome.vn/uploads/2025/08/IMG_5267-scaled-1.jpeg', 4, NULL, 0);
INSERT INTO [dbo].[RoomType] ([room_type_id], [name], [description], [base_price], [over_price], [image_url], [max_guests], [area_m2], [is_deleted]) VALUES (49, N'Wine & Ball', N'Home - Cái Khế, Ninh Kiều, Cần Thơ — Bạn đang tìm kiếm một không gian nghỉ dưỡng riêng tư với thiết kế sang trọng và tiện nghi hiện đại tại Cần Thơ? Phòng Wine & Ball tại homestay của chúng tôi chính là sự lựa chọn hoàn hảo dành cho bạn. Từ phong cách trang trí độc đáo đến các tiện ích vượt trội, phòng Wine & Ball mang đến trải nghiệm thư giãn tuyệt vời, phù hợp với các cặp đôi hoặc nhóm bạn muốn tận hưởng không gian riêng tư. Phòng Wine & Ball mang phong cách ấm cúng kết hợp hiện đại, tạo nê...', 10000, 335000, N'https://v2.localhome.vn/uploads/2025/08/photo_2024-12-16_14-25-15.jpg', 4, NULL, 0);
INSERT INTO [dbo].[RoomType] ([room_type_id], [name], [description], [base_price], [over_price], [image_url], [max_guests], [area_m2], [is_deleted]) VALUES (50, N'Video Game', N'Home - Cái Khế, Ninh Kiều, Cần Thơ — Video Game – Không Gian Nghỉ Dưỡng Đậm Chất Gaming Tại Cần Thơ Phòng nghỉ Video Game là lựa chọn hoàn hảo cho những tín đồ yêu thích thế giới gaming, nơi kết hợp giữa sự sang trọng, hiện đại và phong cách đậm chất game. Với thiết kế độc đáo cùng các tiện ích giải trí hàng đầu, đây là không gian lý tưởng để thư giãn, tái tạo năng lượng và tận hưởng những trải nghiệm đáng nhớ. Hãy biến kỳ nghỉ của bạn trở thành một hành trình đáng nhớ với không gian độc đáo ...', 10000, 335000, N'https://v2.localhome.vn/uploads/2025/08/z6892376339864_07375a44fa8ceb63bca550f21fc6de5e-scaled-1.jpg', 4, NULL, 0);
INSERT INTO [dbo].[RoomType] ([room_type_id], [name], [description], [base_price], [over_price], [image_url], [max_guests], [area_m2], [is_deleted]) VALUES (51, N'Lasaoma', N'Home - Cái Khế, Ninh Kiều, Cần Thơ — Phòng Lasaoma là sự lựa chọn hoàn hảo cho những ai yêu thích sự thanh lịch và nhẹ nhàng. Với phong cách thiết kế tối giản nhưng không kém phần tinh tế, không gian này mang đến cảm giác thư giãn và yên bình giữa trung tâm nhộn nhịp của Cần Thơ. Phòng Lasaoma phù hợp cho các cặp đôi muốn tìm kiếm một không gian lãng mạn, yên bình hoặc những người yêu thích sự tối giản và sang trọng. Đây cũng là lựa chọn lý tưởng để nghỉ ngơi và tái tạo năng lượng. Đừng bỏ lỡ...', 10000, 315000, N'https://v2.localhome.vn/uploads/2025/08/IMG_5418-scaled-1.jpeg', 4, NULL, 0);
INSERT INTO [dbo].[RoomType] ([room_type_id], [name], [description], [base_price], [over_price], [image_url], [max_guests], [area_m2], [is_deleted]) VALUES (52, N'Doreamon', NULL, 159000, 239000, N'https://v2.localhome.vn/uploads/2026/02/z7534340136956_9612ec907a0c365ed31cf27e13844429.jpg', 4, NULL, 0);
INSERT INTO [dbo].[RoomType] ([room_type_id], [name], [description], [base_price], [over_price], [image_url], [max_guests], [area_m2], [is_deleted]) VALUES (53, N'Game Room (PS4)', NULL, 10000, 249000, N'https://v2.localhome.vn/uploads/2026/02/z7538903862874_63623c09ba69fa95d0d3a54d19820cb9-e1771231419333.jpg', 4, NULL, 0);
SET IDENTITY_INSERT [dbo].[RoomType] OFF;
GO


-- ============================================================
-- Amenity
-- ============================================================
SET IDENTITY_INSERT [dbo].[Amenity] ON;
INSERT INTO [dbo].[Amenity] ([amenity_id], [name], [icon_url], [is_deleted]) VALUES (1, N'Ghế lười', N'https://v2.localhome.vn/gwzv/themes/localhome/images/tien_nghi_ghe_luoi.png', 0);
INSERT INTO [dbo].[Amenity] ([amenity_id], [name], [icon_url], [is_deleted]) VALUES (2, N'Máy chiếu', N'https://v2.localhome.vn/gwzv/themes/localhome/images/tien_nghi_may_chieu.png', 0);
INSERT INTO [dbo].[Amenity] ([amenity_id], [name], [icon_url], [is_deleted]) VALUES (3, N'Netflix', N'https://v2.localhome.vn/gwzv/themes/localhome/images/tien_nghi_netflix.png', 0);
INSERT INTO [dbo].[Amenity] ([amenity_id], [name], [icon_url], [is_deleted]) VALUES (4, N'Giường King', N'https://v2.localhome.vn/gwzv/themes/localhome/images/tien_nghi_guong_king.png', 0);
INSERT INTO [dbo].[Amenity] ([amenity_id], [name], [icon_url], [is_deleted]) VALUES (5, N'Gương toàn thân', N'https://v2.localhome.vn/gwzv/themes/localhome/images/tien_nghi_guong_toan_than.png', 0);
INSERT INTO [dbo].[Amenity] ([amenity_id], [name], [icon_url], [is_deleted]) VALUES (6, N'Cửa sổ', N'https://v2.localhome.vn/gwzv/themes/localhome/images/tien_nghi_cua_so.png', 0);
INSERT INTO [dbo].[Amenity] ([amenity_id], [name], [icon_url], [is_deleted]) VALUES (7, N'Ban công', N'https://v2.localhome.vn/gwzv/themes/localhome/images/tien_nghi_ban_cong.png', 0);
INSERT INTO [dbo].[Amenity] ([amenity_id], [name], [icon_url], [is_deleted]) VALUES (8, N'Wifi tốc độ cao', N'https://v2.localhome.vn/gwzv/themes/localhome/images/tien_nghi_wifi.png', 0);
INSERT INTO [dbo].[Amenity] ([amenity_id], [name], [icon_url], [is_deleted]) VALUES (9, N'Nhà bếp hiện đại', N'https://v2.localhome.vn/gwzv/themes/localhome/images/tien_nghi_nha_bep.png', 0);
INSERT INTO [dbo].[Amenity] ([amenity_id], [name], [icon_url], [is_deleted]) VALUES (10, N'Bàn trang điểm', N'https://v2.localhome.vn/gwzv/themes/localhome/images/tien_nghi_ban_trang_diem.png', 0);
INSERT INTO [dbo].[Amenity] ([amenity_id], [name], [icon_url], [is_deleted]) VALUES (11, N'Sân Golf Mini', NULL, 0);
INSERT INTO [dbo].[Amenity] ([amenity_id], [name], [icon_url], [is_deleted]) VALUES (12, N'Bồn tắm', N'https://v2.localhome.vn/gwzv/themes/localhome/images/tien_nghi_bon_tam.png', 0);
INSERT INTO [dbo].[Amenity] ([amenity_id], [name], [icon_url], [is_deleted]) VALUES (13, N'Bàn bida', N'https://v2.localhome.vn/gwzv/themes/localhome/images/tien_nghi_ban_bida.png', 0);
INSERT INTO [dbo].[Amenity] ([amenity_id], [name], [icon_url], [is_deleted]) VALUES (14, N'Bàn làm việc', NULL, 0);
INSERT INTO [dbo].[Amenity] ([amenity_id], [name], [icon_url], [is_deleted]) VALUES (15, N'Máy chơi game', NULL, 0);
INSERT INTO [dbo].[Amenity] ([amenity_id], [name], [icon_url], [is_deleted]) VALUES (16, N'Ghế đọc sách', NULL, 0);
INSERT INTO [dbo].[Amenity] ([amenity_id], [name], [icon_url], [is_deleted]) VALUES (17, N'Tầng trệt có thể ồn hơn', NULL, 0);
INSERT INTO [dbo].[Amenity] ([amenity_id], [name], [icon_url], [is_deleted]) VALUES (18, N'Sofa giường', NULL, 0);
INSERT INTO [dbo].[Amenity] ([amenity_id], [name], [icon_url], [is_deleted]) VALUES (19, N'Máy nước nóng lạnh', NULL, 0);
INSERT INTO [dbo].[Amenity] ([amenity_id], [name], [icon_url], [is_deleted]) VALUES (20, N'Máy chơi game mini', NULL, 0);
INSERT INTO [dbo].[Amenity] ([amenity_id], [name], [icon_url], [is_deleted]) VALUES (21, N'Máy bán hàng tự động', NULL, 0);
INSERT INTO [dbo].[Amenity] ([amenity_id], [name], [icon_url], [is_deleted]) VALUES (22, N'Thang máy', NULL, 0);
SET IDENTITY_INSERT [dbo].[Amenity] OFF;
GO


-- ============================================================
-- Room
-- ============================================================
SET IDENTITY_INSERT [dbo].[Room] ON;
INSERT INTO [dbo].[Room] ([room_id], [room_type_id], [room_number], [status], [is_deleted]) VALUES (1, 1, N'ocean-city', 'AVAILABLE', 0);
INSERT INTO [dbo].[Room] ([room_id], [room_type_id], [room_number], [status], [is_deleted]) VALUES (2, 2, N'cook-and-chill', 'AVAILABLE', 0);
INSERT INTO [dbo].[Room] ([room_id], [room_type_id], [room_number], [status], [is_deleted]) VALUES (3, 3, N'pink-paradise', 'AVAILABLE', 0);
INSERT INTO [dbo].[Room] ([room_id], [room_type_id], [room_number], [status], [is_deleted]) VALUES (4, 4, N'tiger-woods', 'AVAILABLE', 0);
INSERT INTO [dbo].[Room] ([room_id], [room_type_id], [room_number], [status], [is_deleted]) VALUES (5, 5, N'ball-chill', 'AVAILABLE', 0);
INSERT INTO [dbo].[Room] ([room_id], [room_type_id], [room_number], [status], [is_deleted]) VALUES (6, 6, N'gamehub', 'AVAILABLE', 0);
INSERT INTO [dbo].[Room] ([room_id], [room_type_id], [room_number], [status], [is_deleted]) VALUES (7, 7, N'honey-house', 'AVAILABLE', 0);
INSERT INTO [dbo].[Room] ([room_id], [room_type_id], [room_number], [status], [is_deleted]) VALUES (8, 8, N'ocean', 'AVAILABLE', 0);
INSERT INTO [dbo].[Room] ([room_id], [room_type_id], [room_number], [status], [is_deleted]) VALUES (9, 9, N'cine-room', 'AVAILABLE', 0);
INSERT INTO [dbo].[Room] ([room_id], [room_type_id], [room_number], [status], [is_deleted]) VALUES (10, 10, N'ivy-graden', 'AVAILABLE', 0);
INSERT INTO [dbo].[Room] ([room_id], [room_type_id], [room_number], [status], [is_deleted]) VALUES (11, 11, N'bea-bear', 'AVAILABLE', 0);
INSERT INTO [dbo].[Room] ([room_id], [room_type_id], [room_number], [status], [is_deleted]) VALUES (12, 12, N'wood-mood', 'AVAILABLE', 0);
INSERT INTO [dbo].[Room] ([room_id], [room_type_id], [room_number], [status], [is_deleted]) VALUES (13, 13, N'calm-cloud', 'AVAILABLE', 0);
INSERT INTO [dbo].[Room] ([room_id], [room_type_id], [room_number], [status], [is_deleted]) VALUES (14, 14, N'bass-bar', 'AVAILABLE', 0);
INSERT INTO [dbo].[Room] ([room_id], [room_type_id], [room_number], [status], [is_deleted]) VALUES (15, 15, N'mellow', 'AVAILABLE', 0);
INSERT INTO [dbo].[Room] ([room_id], [room_type_id], [room_number], [status], [is_deleted]) VALUES (16, 16, N'lion-king', 'AVAILABLE', 0);
INSERT INTO [dbo].[Room] ([room_id], [room_type_id], [room_number], [status], [is_deleted]) VALUES (17, 17, N'love-blaze', 'AVAILABLE', 0);
INSERT INTO [dbo].[Room] ([room_id], [room_type_id], [room_number], [status], [is_deleted]) VALUES (18, 18, N'squid-game', 'AVAILABLE', 0);
INSERT INTO [dbo].[Room] ([room_id], [room_type_id], [room_number], [status], [is_deleted]) VALUES (19, 19, N'lavender', 'AVAILABLE', 0);
INSERT INTO [dbo].[Room] ([room_id], [room_type_id], [room_number], [status], [is_deleted]) VALUES (20, 20, N'ruby', 'AVAILABLE', 0);
INSERT INTO [dbo].[Room] ([room_id], [room_type_id], [room_number], [status], [is_deleted]) VALUES (21, 21, N'cinema-zone', 'AVAILABLE', 0);
INSERT INTO [dbo].[Room] ([room_id], [room_type_id], [room_number], [status], [is_deleted]) VALUES (22, 22, N'solo-gaming', 'AVAILABLE', 0);
INSERT INTO [dbo].[Room] ([room_id], [room_type_id], [room_number], [status], [is_deleted]) VALUES (23, 23, N'green-haven', 'AVAILABLE', 0);
INSERT INTO [dbo].[Room] ([room_id], [room_type_id], [room_number], [status], [is_deleted]) VALUES (24, 24, N'zone-x', 'AVAILABLE', 0);
INSERT INTO [dbo].[Room] ([room_id], [room_type_id], [room_number], [status], [is_deleted]) VALUES (25, 25, N'my-konos', 'AVAILABLE', 0);
INSERT INTO [dbo].[Room] ([room_id], [room_type_id], [room_number], [status], [is_deleted]) VALUES (26, 26, N'orange-pop', 'AVAILABLE', 0);
INSERT INTO [dbo].[Room] ([room_id], [room_type_id], [room_number], [status], [is_deleted]) VALUES (27, 27, N'moon-space', 'AVAILABLE', 0);
INSERT INTO [dbo].[Room] ([room_id], [room_type_id], [room_number], [status], [is_deleted]) VALUES (28, 28, N'cheese', 'AVAILABLE', 0);
INSERT INTO [dbo].[Room] ([room_id], [room_type_id], [room_number], [status], [is_deleted]) VALUES (29, 29, N'love-pink', 'AVAILABLE', 0);
INSERT INTO [dbo].[Room] ([room_id], [room_type_id], [room_number], [status], [is_deleted]) VALUES (30, 30, N'blue-wave', 'AVAILABLE', 0);
INSERT INTO [dbo].[Room] ([room_id], [room_type_id], [room_number], [status], [is_deleted]) VALUES (31, 31, N'homestay-khong-le-tan-can-tho-phong-fini-homestay-rieng-tu-lang-man-tai-can-tho-uu-dai-dac-biet', 'AVAILABLE', 0);
INSERT INTO [dbo].[Room] ([room_id], [room_type_id], [room_number], [status], [is_deleted]) VALUES (32, 32, N'homestay-khong-le-tan-phong-homestay-luca-tu-do-rieng-tu-tien-nghi-day-du-tai-can-tho', 'AVAILABLE', 0);
INSERT INTO [dbo].[Room] ([room_id], [room_type_id], [room_number], [status], [is_deleted]) VALUES (33, 33, N'homestay-khong-le-tan-phong-giong-rap-chieu-phim-cgv-cinemas-tai-can-tho-rieng-tu-hien-dai-tu-do', 'AVAILABLE', 0);
INSERT INTO [dbo].[Room] ([room_id], [room_type_id], [room_number], [status], [is_deleted]) VALUES (34, 34, N'beachhomestay-can-tho-phong-phim-rieng-tu-nhu-cgv-cinemas-trai-nghiem-doc-dao-tu-do', 'AVAILABLE', 0);
INSERT INTO [dbo].[Room] ([room_id], [room_type_id], [room_number], [status], [is_deleted]) VALUES (35, 35, N'homestay-khong-le-tan-phong-homestay-sweet-dreams-tai-can-tho-thien-duong-cua-nhung-giac-mo-dep', 'AVAILABLE', 0);
INSERT INTO [dbo].[Room] ([room_id], [room_type_id], [room_number], [status], [is_deleted]) VALUES (36, 36, N'homestay-khong-le-tan-homestay-phong-cach-da-lat-ngay-tai-can-tho', 'AVAILABLE', 0);
INSERT INTO [dbo].[Room] ([room_id], [room_type_id], [room_number], [status], [is_deleted]) VALUES (37, 37, N'pink-dream', 'AVAILABLE', 0);
INSERT INTO [dbo].[Room] ([room_id], [room_type_id], [room_number], [status], [is_deleted]) VALUES (38, 38, N'blue-vibe', 'AVAILABLE', 0);
INSERT INTO [dbo].[Room] ([room_id], [room_type_id], [room_number], [status], [is_deleted]) VALUES (39, 39, N'pure-relax', 'AVAILABLE', 0);
INSERT INTO [dbo].[Room] ([room_id], [room_type_id], [room_number], [status], [is_deleted]) VALUES (40, 40, N'honey-glow', 'AVAILABLE', 0);
INSERT INTO [dbo].[Room] ([room_id], [room_type_id], [room_number], [status], [is_deleted]) VALUES (41, 41, N'cgv-room', 'AVAILABLE', 0);
INSERT INTO [dbo].[Room] ([room_id], [room_type_id], [room_number], [status], [is_deleted]) VALUES (42, 42, N'smoke-kitchen', 'AVAILABLE', 0);
INSERT INTO [dbo].[Room] ([room_id], [room_type_id], [room_number], [status], [is_deleted]) VALUES (43, 43, N'8-ball-house', 'AVAILABLE', 0);
INSERT INTO [dbo].[Room] ([room_id], [room_type_id], [room_number], [status], [is_deleted]) VALUES (44, 44, N'la-maison', 'AVAILABLE', 0);
INSERT INTO [dbo].[Room] ([room_id], [room_type_id], [room_number], [status], [is_deleted]) VALUES (45, 45, N'masterchef', 'AVAILABLE', 0);
INSERT INTO [dbo].[Room] ([room_id], [room_type_id], [room_number], [status], [is_deleted]) VALUES (46, 46, N'atlantis', 'AVAILABLE', 0);
INSERT INTO [dbo].[Room] ([room_id], [room_type_id], [room_number], [status], [is_deleted]) VALUES (47, 47, N'forest', 'AVAILABLE', 0);
INSERT INTO [dbo].[Room] ([room_id], [room_type_id], [room_number], [status], [is_deleted]) VALUES (48, 48, N'vibe-home', 'AVAILABLE', 0);
INSERT INTO [dbo].[Room] ([room_id], [room_type_id], [room_number], [status], [is_deleted]) VALUES (49, 49, N'wine-ball', 'AVAILABLE', 0);
INSERT INTO [dbo].[Room] ([room_id], [room_type_id], [room_number], [status], [is_deleted]) VALUES (50, 50, N'video-game', 'AVAILABLE', 0);
INSERT INTO [dbo].[Room] ([room_id], [room_type_id], [room_number], [status], [is_deleted]) VALUES (51, 51, N'lasaoma', 'AVAILABLE', 0);
INSERT INTO [dbo].[Room] ([room_id], [room_type_id], [room_number], [status], [is_deleted]) VALUES (52, 52, N'doreamon', 'AVAILABLE', 0);
INSERT INTO [dbo].[Room] ([room_id], [room_type_id], [room_number], [status], [is_deleted]) VALUES (53, 53, N'game-room-ps4', 'AVAILABLE', 0);
SET IDENTITY_INSERT [dbo].[Room] OFF;
GO


-- ============================================================
-- RoomAmenity
-- ============================================================
SET IDENTITY_INSERT [dbo].[RoomAmenity] ON;
INSERT INTO [dbo].[RoomAmenity] ([room_amenity_id], [room_id], [amenity_id]) VALUES (1, 1, 1);
INSERT INTO [dbo].[RoomAmenity] ([room_amenity_id], [room_id], [amenity_id]) VALUES (2, 1, 2);
INSERT INTO [dbo].[RoomAmenity] ([room_amenity_id], [room_id], [amenity_id]) VALUES (3, 1, 3);
INSERT INTO [dbo].[RoomAmenity] ([room_amenity_id], [room_id], [amenity_id]) VALUES (4, 1, 4);
INSERT INTO [dbo].[RoomAmenity] ([room_amenity_id], [room_id], [amenity_id]) VALUES (5, 1, 5);
INSERT INTO [dbo].[RoomAmenity] ([room_amenity_id], [room_id], [amenity_id]) VALUES (6, 1, 6);
INSERT INTO [dbo].[RoomAmenity] ([room_amenity_id], [room_id], [amenity_id]) VALUES (7, 1, 7);
INSERT INTO [dbo].[RoomAmenity] ([room_amenity_id], [room_id], [amenity_id]) VALUES (8, 1, 8);
INSERT INTO [dbo].[RoomAmenity] ([room_amenity_id], [room_id], [amenity_id]) VALUES (9, 2, 1);
INSERT INTO [dbo].[RoomAmenity] ([room_amenity_id], [room_id], [amenity_id]) VALUES (10, 2, 9);
INSERT INTO [dbo].[RoomAmenity] ([room_amenity_id], [room_id], [amenity_id]) VALUES (11, 2, 2);
INSERT INTO [dbo].[RoomAmenity] ([room_amenity_id], [room_id], [amenity_id]) VALUES (12, 2, 3);
INSERT INTO [dbo].[RoomAmenity] ([room_amenity_id], [room_id], [amenity_id]) VALUES (13, 2, 4);
INSERT INTO [dbo].[RoomAmenity] ([room_amenity_id], [room_id], [amenity_id]) VALUES (14, 2, 5);
INSERT INTO [dbo].[RoomAmenity] ([room_amenity_id], [room_id], [amenity_id]) VALUES (15, 2, 6);
INSERT INTO [dbo].[RoomAmenity] ([room_amenity_id], [room_id], [amenity_id]) VALUES (16, 2, 8);
INSERT INTO [dbo].[RoomAmenity] ([room_amenity_id], [room_id], [amenity_id]) VALUES (17, 2, 10);
INSERT INTO [dbo].[RoomAmenity] ([room_amenity_id], [room_id], [amenity_id]) VALUES (18, 3, 1);
INSERT INTO [dbo].[RoomAmenity] ([room_amenity_id], [room_id], [amenity_id]) VALUES (19, 3, 2);
INSERT INTO [dbo].[RoomAmenity] ([room_amenity_id], [room_id], [amenity_id]) VALUES (20, 3, 3);
INSERT INTO [dbo].[RoomAmenity] ([room_amenity_id], [room_id], [amenity_id]) VALUES (21, 3, 4);
INSERT INTO [dbo].[RoomAmenity] ([room_amenity_id], [room_id], [amenity_id]) VALUES (22, 3, 8);
INSERT INTO [dbo].[RoomAmenity] ([room_amenity_id], [room_id], [amenity_id]) VALUES (23, 3, 10);
INSERT INTO [dbo].[RoomAmenity] ([room_amenity_id], [room_id], [amenity_id]) VALUES (24, 4, 1);
INSERT INTO [dbo].[RoomAmenity] ([room_amenity_id], [room_id], [amenity_id]) VALUES (25, 4, 2);
INSERT INTO [dbo].[RoomAmenity] ([room_amenity_id], [room_id], [amenity_id]) VALUES (26, 4, 3);
INSERT INTO [dbo].[RoomAmenity] ([room_amenity_id], [room_id], [amenity_id]) VALUES (27, 4, 4);
INSERT INTO [dbo].[RoomAmenity] ([room_amenity_id], [room_id], [amenity_id]) VALUES (28, 4, 5);
INSERT INTO [dbo].[RoomAmenity] ([room_amenity_id], [room_id], [amenity_id]) VALUES (29, 4, 6);
INSERT INTO [dbo].[RoomAmenity] ([room_amenity_id], [room_id], [amenity_id]) VALUES (30, 4, 8);
INSERT INTO [dbo].[RoomAmenity] ([room_amenity_id], [room_id], [amenity_id]) VALUES (31, 4, 10);
INSERT INTO [dbo].[RoomAmenity] ([room_amenity_id], [room_id], [amenity_id]) VALUES (32, 4, 11);
INSERT INTO [dbo].[RoomAmenity] ([room_amenity_id], [room_id], [amenity_id]) VALUES (33, 5, 1);
INSERT INTO [dbo].[RoomAmenity] ([room_amenity_id], [room_id], [amenity_id]) VALUES (34, 5, 12);
INSERT INTO [dbo].[RoomAmenity] ([room_amenity_id], [room_id], [amenity_id]) VALUES (35, 5, 13);
INSERT INTO [dbo].[RoomAmenity] ([room_amenity_id], [room_id], [amenity_id]) VALUES (36, 5, 2);
INSERT INTO [dbo].[RoomAmenity] ([room_amenity_id], [room_id], [amenity_id]) VALUES (37, 5, 3);
INSERT INTO [dbo].[RoomAmenity] ([room_amenity_id], [room_id], [amenity_id]) VALUES (38, 5, 4);
INSERT INTO [dbo].[RoomAmenity] ([room_amenity_id], [room_id], [amenity_id]) VALUES (39, 5, 14);
INSERT INTO [dbo].[RoomAmenity] ([room_amenity_id], [room_id], [amenity_id]) VALUES (40, 5, 5);
INSERT INTO [dbo].[RoomAmenity] ([room_amenity_id], [room_id], [amenity_id]) VALUES (41, 5, 6);
INSERT INTO [dbo].[RoomAmenity] ([room_amenity_id], [room_id], [amenity_id]) VALUES (42, 5, 7);
INSERT INTO [dbo].[RoomAmenity] ([room_amenity_id], [room_id], [amenity_id]) VALUES (43, 5, 8);
INSERT INTO [dbo].[RoomAmenity] ([room_amenity_id], [room_id], [amenity_id]) VALUES (44, 5, 10);
INSERT INTO [dbo].[RoomAmenity] ([room_amenity_id], [room_id], [amenity_id]) VALUES (45, 6, 1);
INSERT INTO [dbo].[RoomAmenity] ([room_amenity_id], [room_id], [amenity_id]) VALUES (46, 6, 15);
INSERT INTO [dbo].[RoomAmenity] ([room_amenity_id], [room_id], [amenity_id]) VALUES (47, 6, 2);
INSERT INTO [dbo].[RoomAmenity] ([room_amenity_id], [room_id], [amenity_id]) VALUES (48, 6, 3);
INSERT INTO [dbo].[RoomAmenity] ([room_amenity_id], [room_id], [amenity_id]) VALUES (49, 6, 4);
INSERT INTO [dbo].[RoomAmenity] ([room_amenity_id], [room_id], [amenity_id]) VALUES (50, 6, 5);
INSERT INTO [dbo].[RoomAmenity] ([room_amenity_id], [room_id], [amenity_id]) VALUES (51, 6, 6);
INSERT INTO [dbo].[RoomAmenity] ([room_amenity_id], [room_id], [amenity_id]) VALUES (52, 6, 8);
INSERT INTO [dbo].[RoomAmenity] ([room_amenity_id], [room_id], [amenity_id]) VALUES (53, 6, 10);
INSERT INTO [dbo].[RoomAmenity] ([room_amenity_id], [room_id], [amenity_id]) VALUES (54, 7, 1);
INSERT INTO [dbo].[RoomAmenity] ([room_amenity_id], [room_id], [amenity_id]) VALUES (55, 7, 16);
INSERT INTO [dbo].[RoomAmenity] ([room_amenity_id], [room_id], [amenity_id]) VALUES (56, 7, 2);
INSERT INTO [dbo].[RoomAmenity] ([room_amenity_id], [room_id], [amenity_id]) VALUES (57, 7, 3);
INSERT INTO [dbo].[RoomAmenity] ([room_amenity_id], [room_id], [amenity_id]) VALUES (58, 7, 4);
INSERT INTO [dbo].[RoomAmenity] ([room_amenity_id], [room_id], [amenity_id]) VALUES (59, 7, 5);
INSERT INTO [dbo].[RoomAmenity] ([room_amenity_id], [room_id], [amenity_id]) VALUES (60, 7, 8);
INSERT INTO [dbo].[RoomAmenity] ([room_amenity_id], [room_id], [amenity_id]) VALUES (61, 7, 10);
INSERT INTO [dbo].[RoomAmenity] ([room_amenity_id], [room_id], [amenity_id]) VALUES (62, 7, 17);
INSERT INTO [dbo].[RoomAmenity] ([room_amenity_id], [room_id], [amenity_id]) VALUES (63, 8, 2);
INSERT INTO [dbo].[RoomAmenity] ([room_amenity_id], [room_id], [amenity_id]) VALUES (64, 8, 3);
INSERT INTO [dbo].[RoomAmenity] ([room_amenity_id], [room_id], [amenity_id]) VALUES (65, 8, 4);
INSERT INTO [dbo].[RoomAmenity] ([room_amenity_id], [room_id], [amenity_id]) VALUES (66, 8, 7);
INSERT INTO [dbo].[RoomAmenity] ([room_amenity_id], [room_id], [amenity_id]) VALUES (67, 8, 8);
INSERT INTO [dbo].[RoomAmenity] ([room_amenity_id], [room_id], [amenity_id]) VALUES (68, 9, 2);
INSERT INTO [dbo].[RoomAmenity] ([room_amenity_id], [room_id], [amenity_id]) VALUES (69, 9, 3);
INSERT INTO [dbo].[RoomAmenity] ([room_amenity_id], [room_id], [amenity_id]) VALUES (70, 9, 4);
INSERT INTO [dbo].[RoomAmenity] ([room_amenity_id], [room_id], [amenity_id]) VALUES (71, 9, 8);
INSERT INTO [dbo].[RoomAmenity] ([room_amenity_id], [room_id], [amenity_id]) VALUES (72, 9, 18);
INSERT INTO [dbo].[RoomAmenity] ([room_amenity_id], [room_id], [amenity_id]) VALUES (73, 9, 19);
INSERT INTO [dbo].[RoomAmenity] ([room_amenity_id], [room_id], [amenity_id]) VALUES (74, 10, 13);
INSERT INTO [dbo].[RoomAmenity] ([room_amenity_id], [room_id], [amenity_id]) VALUES (75, 10, 2);
INSERT INTO [dbo].[RoomAmenity] ([room_amenity_id], [room_id], [amenity_id]) VALUES (76, 10, 3);
INSERT INTO [dbo].[RoomAmenity] ([room_amenity_id], [room_id], [amenity_id]) VALUES (77, 10, 4);
INSERT INTO [dbo].[RoomAmenity] ([room_amenity_id], [room_id], [amenity_id]) VALUES (78, 10, 5);
INSERT INTO [dbo].[RoomAmenity] ([room_amenity_id], [room_id], [amenity_id]) VALUES (79, 10, 8);
INSERT INTO [dbo].[RoomAmenity] ([room_amenity_id], [room_id], [amenity_id]) VALUES (80, 10, 19);
INSERT INTO [dbo].[RoomAmenity] ([room_amenity_id], [room_id], [amenity_id]) VALUES (81, 11, 16);
INSERT INTO [dbo].[RoomAmenity] ([room_amenity_id], [room_id], [amenity_id]) VALUES (82, 11, 2);
INSERT INTO [dbo].[RoomAmenity] ([room_amenity_id], [room_id], [amenity_id]) VALUES (83, 11, 3);
INSERT INTO [dbo].[RoomAmenity] ([room_amenity_id], [room_id], [amenity_id]) VALUES (84, 11, 4);
INSERT INTO [dbo].[RoomAmenity] ([room_amenity_id], [room_id], [amenity_id]) VALUES (85, 11, 5);
INSERT INTO [dbo].[RoomAmenity] ([room_amenity_id], [room_id], [amenity_id]) VALUES (86, 11, 8);
INSERT INTO [dbo].[RoomAmenity] ([room_amenity_id], [room_id], [amenity_id]) VALUES (87, 11, 19);
INSERT INTO [dbo].[RoomAmenity] ([room_amenity_id], [room_id], [amenity_id]) VALUES (88, 12, 16);
INSERT INTO [dbo].[RoomAmenity] ([room_amenity_id], [room_id], [amenity_id]) VALUES (89, 12, 2);
INSERT INTO [dbo].[RoomAmenity] ([room_amenity_id], [room_id], [amenity_id]) VALUES (90, 12, 3);
INSERT INTO [dbo].[RoomAmenity] ([room_amenity_id], [room_id], [amenity_id]) VALUES (91, 12, 4);
INSERT INTO [dbo].[RoomAmenity] ([room_amenity_id], [room_id], [amenity_id]) VALUES (92, 12, 6);
INSERT INTO [dbo].[RoomAmenity] ([room_amenity_id], [room_id], [amenity_id]) VALUES (93, 12, 7);
INSERT INTO [dbo].[RoomAmenity] ([room_amenity_id], [room_id], [amenity_id]) VALUES (94, 12, 8);
INSERT INTO [dbo].[RoomAmenity] ([room_amenity_id], [room_id], [amenity_id]) VALUES (95, 12, 10);
INSERT INTO [dbo].[RoomAmenity] ([room_amenity_id], [room_id], [amenity_id]) VALUES (96, 12, 19);
INSERT INTO [dbo].[RoomAmenity] ([room_amenity_id], [room_id], [amenity_id]) VALUES (97, 13, 2);
INSERT INTO [dbo].[RoomAmenity] ([room_amenity_id], [room_id], [amenity_id]) VALUES (98, 13, 3);
INSERT INTO [dbo].[RoomAmenity] ([room_amenity_id], [room_id], [amenity_id]) VALUES (99, 13, 4);
INSERT INTO [dbo].[RoomAmenity] ([room_amenity_id], [room_id], [amenity_id]) VALUES (100, 13, 5);
INSERT INTO [dbo].[RoomAmenity] ([room_amenity_id], [room_id], [amenity_id]) VALUES (101, 13, 6);
INSERT INTO [dbo].[RoomAmenity] ([room_amenity_id], [room_id], [amenity_id]) VALUES (102, 13, 7);
INSERT INTO [dbo].[RoomAmenity] ([room_amenity_id], [room_id], [amenity_id]) VALUES (103, 13, 8);
INSERT INTO [dbo].[RoomAmenity] ([room_amenity_id], [room_id], [amenity_id]) VALUES (104, 13, 18);
INSERT INTO [dbo].[RoomAmenity] ([room_amenity_id], [room_id], [amenity_id]) VALUES (105, 13, 19);
INSERT INTO [dbo].[RoomAmenity] ([room_amenity_id], [room_id], [amenity_id]) VALUES (106, 14, 1);
INSERT INTO [dbo].[RoomAmenity] ([room_amenity_id], [room_id], [amenity_id]) VALUES (107, 14, 16);
INSERT INTO [dbo].[RoomAmenity] ([room_amenity_id], [room_id], [amenity_id]) VALUES (108, 14, 2);
INSERT INTO [dbo].[RoomAmenity] ([room_amenity_id], [room_id], [amenity_id]) VALUES (109, 14, 3);
INSERT INTO [dbo].[RoomAmenity] ([room_amenity_id], [room_id], [amenity_id]) VALUES (110, 14, 4);
INSERT INTO [dbo].[RoomAmenity] ([room_amenity_id], [room_id], [amenity_id]) VALUES (111, 14, 5);
INSERT INTO [dbo].[RoomAmenity] ([room_amenity_id], [room_id], [amenity_id]) VALUES (112, 14, 6);
INSERT INTO [dbo].[RoomAmenity] ([room_amenity_id], [room_id], [amenity_id]) VALUES (113, 14, 7);
INSERT INTO [dbo].[RoomAmenity] ([room_amenity_id], [room_id], [amenity_id]) VALUES (114, 14, 8);
INSERT INTO [dbo].[RoomAmenity] ([room_amenity_id], [room_id], [amenity_id]) VALUES (115, 14, 19);
INSERT INTO [dbo].[RoomAmenity] ([room_amenity_id], [room_id], [amenity_id]) VALUES (116, 15, 1);
INSERT INTO [dbo].[RoomAmenity] ([room_amenity_id], [room_id], [amenity_id]) VALUES (117, 15, 2);
INSERT INTO [dbo].[RoomAmenity] ([room_amenity_id], [room_id], [amenity_id]) VALUES (118, 15, 3);
INSERT INTO [dbo].[RoomAmenity] ([room_amenity_id], [room_id], [amenity_id]) VALUES (119, 15, 4);
INSERT INTO [dbo].[RoomAmenity] ([room_amenity_id], [room_id], [amenity_id]) VALUES (120, 15, 5);
INSERT INTO [dbo].[RoomAmenity] ([room_amenity_id], [room_id], [amenity_id]) VALUES (121, 15, 8);
INSERT INTO [dbo].[RoomAmenity] ([room_amenity_id], [room_id], [amenity_id]) VALUES (122, 16, 1);
INSERT INTO [dbo].[RoomAmenity] ([room_amenity_id], [room_id], [amenity_id]) VALUES (123, 16, 2);
INSERT INTO [dbo].[RoomAmenity] ([room_amenity_id], [room_id], [amenity_id]) VALUES (124, 16, 3);
INSERT INTO [dbo].[RoomAmenity] ([room_amenity_id], [room_id], [amenity_id]) VALUES (125, 16, 4);
INSERT INTO [dbo].[RoomAmenity] ([room_amenity_id], [room_id], [amenity_id]) VALUES (126, 16, 8);
INSERT INTO [dbo].[RoomAmenity] ([room_amenity_id], [room_id], [amenity_id]) VALUES (127, 17, 16);
INSERT INTO [dbo].[RoomAmenity] ([room_amenity_id], [room_id], [amenity_id]) VALUES (128, 17, 2);
INSERT INTO [dbo].[RoomAmenity] ([room_amenity_id], [room_id], [amenity_id]) VALUES (129, 17, 3);
INSERT INTO [dbo].[RoomAmenity] ([room_amenity_id], [room_id], [amenity_id]) VALUES (130, 17, 4);
INSERT INTO [dbo].[RoomAmenity] ([room_amenity_id], [room_id], [amenity_id]) VALUES (131, 17, 5);
INSERT INTO [dbo].[RoomAmenity] ([room_amenity_id], [room_id], [amenity_id]) VALUES (132, 17, 8);
INSERT INTO [dbo].[RoomAmenity] ([room_amenity_id], [room_id], [amenity_id]) VALUES (133, 18, 13);
INSERT INTO [dbo].[RoomAmenity] ([room_amenity_id], [room_id], [amenity_id]) VALUES (134, 18, 2);
INSERT INTO [dbo].[RoomAmenity] ([room_amenity_id], [room_id], [amenity_id]) VALUES (135, 18, 3);
INSERT INTO [dbo].[RoomAmenity] ([room_amenity_id], [room_id], [amenity_id]) VALUES (136, 18, 4);
INSERT INTO [dbo].[RoomAmenity] ([room_amenity_id], [room_id], [amenity_id]) VALUES (137, 18, 7);
INSERT INTO [dbo].[RoomAmenity] ([room_amenity_id], [room_id], [amenity_id]) VALUES (138, 18, 8);
INSERT INTO [dbo].[RoomAmenity] ([room_amenity_id], [room_id], [amenity_id]) VALUES (139, 19, 1);
INSERT INTO [dbo].[RoomAmenity] ([room_amenity_id], [room_id], [amenity_id]) VALUES (140, 19, 2);
INSERT INTO [dbo].[RoomAmenity] ([room_amenity_id], [room_id], [amenity_id]) VALUES (141, 19, 3);
INSERT INTO [dbo].[RoomAmenity] ([room_amenity_id], [room_id], [amenity_id]) VALUES (142, 19, 4);
INSERT INTO [dbo].[RoomAmenity] ([room_amenity_id], [room_id], [amenity_id]) VALUES (143, 19, 5);
INSERT INTO [dbo].[RoomAmenity] ([room_amenity_id], [room_id], [amenity_id]) VALUES (144, 19, 8);
INSERT INTO [dbo].[RoomAmenity] ([room_amenity_id], [room_id], [amenity_id]) VALUES (145, 20, 13);
INSERT INTO [dbo].[RoomAmenity] ([room_amenity_id], [room_id], [amenity_id]) VALUES (146, 20, 16);
INSERT INTO [dbo].[RoomAmenity] ([room_amenity_id], [room_id], [amenity_id]) VALUES (147, 20, 2);
INSERT INTO [dbo].[RoomAmenity] ([room_amenity_id], [room_id], [amenity_id]) VALUES (148, 20, 3);
INSERT INTO [dbo].[RoomAmenity] ([room_amenity_id], [room_id], [amenity_id]) VALUES (149, 20, 4);
INSERT INTO [dbo].[RoomAmenity] ([room_amenity_id], [room_id], [amenity_id]) VALUES (150, 20, 5);
INSERT INTO [dbo].[RoomAmenity] ([room_amenity_id], [room_id], [amenity_id]) VALUES (151, 20, 8);
INSERT INTO [dbo].[RoomAmenity] ([room_amenity_id], [room_id], [amenity_id]) VALUES (152, 21, 1);
INSERT INTO [dbo].[RoomAmenity] ([room_amenity_id], [room_id], [amenity_id]) VALUES (153, 21, 20);
INSERT INTO [dbo].[RoomAmenity] ([room_amenity_id], [room_id], [amenity_id]) VALUES (154, 21, 2);
INSERT INTO [dbo].[RoomAmenity] ([room_amenity_id], [room_id], [amenity_id]) VALUES (155, 21, 3);
INSERT INTO [dbo].[RoomAmenity] ([room_amenity_id], [room_id], [amenity_id]) VALUES (156, 21, 4);
INSERT INTO [dbo].[RoomAmenity] ([room_amenity_id], [room_id], [amenity_id]) VALUES (157, 21, 14);
INSERT INTO [dbo].[RoomAmenity] ([room_amenity_id], [room_id], [amenity_id]) VALUES (158, 21, 8);
INSERT INTO [dbo].[RoomAmenity] ([room_amenity_id], [room_id], [amenity_id]) VALUES (159, 22, 1);
INSERT INTO [dbo].[RoomAmenity] ([room_amenity_id], [room_id], [amenity_id]) VALUES (160, 22, 20);
INSERT INTO [dbo].[RoomAmenity] ([room_amenity_id], [room_id], [amenity_id]) VALUES (161, 22, 16);
INSERT INTO [dbo].[RoomAmenity] ([room_amenity_id], [room_id], [amenity_id]) VALUES (162, 22, 2);
INSERT INTO [dbo].[RoomAmenity] ([room_amenity_id], [room_id], [amenity_id]) VALUES (163, 22, 3);
INSERT INTO [dbo].[RoomAmenity] ([room_amenity_id], [room_id], [amenity_id]) VALUES (164, 22, 4);
INSERT INTO [dbo].[RoomAmenity] ([room_amenity_id], [room_id], [amenity_id]) VALUES (165, 22, 5);
INSERT INTO [dbo].[RoomAmenity] ([room_amenity_id], [room_id], [amenity_id]) VALUES (166, 22, 8);
INSERT INTO [dbo].[RoomAmenity] ([room_amenity_id], [room_id], [amenity_id]) VALUES (167, 23, 2);
INSERT INTO [dbo].[RoomAmenity] ([room_amenity_id], [room_id], [amenity_id]) VALUES (168, 23, 3);
INSERT INTO [dbo].[RoomAmenity] ([room_amenity_id], [room_id], [amenity_id]) VALUES (169, 23, 4);
INSERT INTO [dbo].[RoomAmenity] ([room_amenity_id], [room_id], [amenity_id]) VALUES (170, 23, 5);
INSERT INTO [dbo].[RoomAmenity] ([room_amenity_id], [room_id], [amenity_id]) VALUES (171, 23, 8);
INSERT INTO [dbo].[RoomAmenity] ([room_amenity_id], [room_id], [amenity_id]) VALUES (172, 24, 1);
INSERT INTO [dbo].[RoomAmenity] ([room_amenity_id], [room_id], [amenity_id]) VALUES (173, 24, 13);
INSERT INTO [dbo].[RoomAmenity] ([room_amenity_id], [room_id], [amenity_id]) VALUES (174, 24, 2);
INSERT INTO [dbo].[RoomAmenity] ([room_amenity_id], [room_id], [amenity_id]) VALUES (175, 24, 3);
INSERT INTO [dbo].[RoomAmenity] ([room_amenity_id], [room_id], [amenity_id]) VALUES (176, 24, 4);
INSERT INTO [dbo].[RoomAmenity] ([room_amenity_id], [room_id], [amenity_id]) VALUES (177, 24, 5);
INSERT INTO [dbo].[RoomAmenity] ([room_amenity_id], [room_id], [amenity_id]) VALUES (178, 24, 8);
INSERT INTO [dbo].[RoomAmenity] ([room_amenity_id], [room_id], [amenity_id]) VALUES (179, 25, 2);
INSERT INTO [dbo].[RoomAmenity] ([room_amenity_id], [room_id], [amenity_id]) VALUES (180, 25, 3);
INSERT INTO [dbo].[RoomAmenity] ([room_amenity_id], [room_id], [amenity_id]) VALUES (181, 25, 4);
INSERT INTO [dbo].[RoomAmenity] ([room_amenity_id], [room_id], [amenity_id]) VALUES (182, 25, 5);
INSERT INTO [dbo].[RoomAmenity] ([room_amenity_id], [room_id], [amenity_id]) VALUES (183, 25, 8);
INSERT INTO [dbo].[RoomAmenity] ([room_amenity_id], [room_id], [amenity_id]) VALUES (184, 26, 2);
INSERT INTO [dbo].[RoomAmenity] ([room_amenity_id], [room_id], [amenity_id]) VALUES (185, 26, 3);
INSERT INTO [dbo].[RoomAmenity] ([room_amenity_id], [room_id], [amenity_id]) VALUES (186, 26, 4);
INSERT INTO [dbo].[RoomAmenity] ([room_amenity_id], [room_id], [amenity_id]) VALUES (187, 26, 5);
INSERT INTO [dbo].[RoomAmenity] ([room_amenity_id], [room_id], [amenity_id]) VALUES (188, 26, 8);
INSERT INTO [dbo].[RoomAmenity] ([room_amenity_id], [room_id], [amenity_id]) VALUES (189, 27, 1);
INSERT INTO [dbo].[RoomAmenity] ([room_amenity_id], [room_id], [amenity_id]) VALUES (190, 27, 20);
INSERT INTO [dbo].[RoomAmenity] ([room_amenity_id], [room_id], [amenity_id]) VALUES (191, 27, 16);
INSERT INTO [dbo].[RoomAmenity] ([room_amenity_id], [room_id], [amenity_id]) VALUES (192, 27, 2);
INSERT INTO [dbo].[RoomAmenity] ([room_amenity_id], [room_id], [amenity_id]) VALUES (193, 27, 3);
INSERT INTO [dbo].[RoomAmenity] ([room_amenity_id], [room_id], [amenity_id]) VALUES (194, 27, 4);
INSERT INTO [dbo].[RoomAmenity] ([room_amenity_id], [room_id], [amenity_id]) VALUES (195, 27, 5);
INSERT INTO [dbo].[RoomAmenity] ([room_amenity_id], [room_id], [amenity_id]) VALUES (196, 27, 8);
INSERT INTO [dbo].[RoomAmenity] ([room_amenity_id], [room_id], [amenity_id]) VALUES (197, 28, 9);
INSERT INTO [dbo].[RoomAmenity] ([room_amenity_id], [room_id], [amenity_id]) VALUES (198, 28, 16);
INSERT INTO [dbo].[RoomAmenity] ([room_amenity_id], [room_id], [amenity_id]) VALUES (199, 28, 2);
INSERT INTO [dbo].[RoomAmenity] ([room_amenity_id], [room_id], [amenity_id]) VALUES (200, 28, 3);
INSERT INTO [dbo].[RoomAmenity] ([room_amenity_id], [room_id], [amenity_id]) VALUES (201, 28, 4);
INSERT INTO [dbo].[RoomAmenity] ([room_amenity_id], [room_id], [amenity_id]) VALUES (202, 28, 5);
INSERT INTO [dbo].[RoomAmenity] ([room_amenity_id], [room_id], [amenity_id]) VALUES (203, 28, 8);
INSERT INTO [dbo].[RoomAmenity] ([room_amenity_id], [room_id], [amenity_id]) VALUES (204, 28, 10);
INSERT INTO [dbo].[RoomAmenity] ([room_amenity_id], [room_id], [amenity_id]) VALUES (205, 29, 2);
INSERT INTO [dbo].[RoomAmenity] ([room_amenity_id], [room_id], [amenity_id]) VALUES (206, 29, 3);
INSERT INTO [dbo].[RoomAmenity] ([room_amenity_id], [room_id], [amenity_id]) VALUES (207, 29, 4);
INSERT INTO [dbo].[RoomAmenity] ([room_amenity_id], [room_id], [amenity_id]) VALUES (208, 29, 5);
INSERT INTO [dbo].[RoomAmenity] ([room_amenity_id], [room_id], [amenity_id]) VALUES (209, 29, 8);
INSERT INTO [dbo].[RoomAmenity] ([room_amenity_id], [room_id], [amenity_id]) VALUES (210, 30, 16);
INSERT INTO [dbo].[RoomAmenity] ([room_amenity_id], [room_id], [amenity_id]) VALUES (211, 30, 2);
INSERT INTO [dbo].[RoomAmenity] ([room_amenity_id], [room_id], [amenity_id]) VALUES (212, 30, 3);
INSERT INTO [dbo].[RoomAmenity] ([room_amenity_id], [room_id], [amenity_id]) VALUES (213, 30, 4);
INSERT INTO [dbo].[RoomAmenity] ([room_amenity_id], [room_id], [amenity_id]) VALUES (214, 30, 5);
INSERT INTO [dbo].[RoomAmenity] ([room_amenity_id], [room_id], [amenity_id]) VALUES (215, 30, 8);
INSERT INTO [dbo].[RoomAmenity] ([room_amenity_id], [room_id], [amenity_id]) VALUES (216, 31, 2);
INSERT INTO [dbo].[RoomAmenity] ([room_amenity_id], [room_id], [amenity_id]) VALUES (217, 31, 3);
INSERT INTO [dbo].[RoomAmenity] ([room_amenity_id], [room_id], [amenity_id]) VALUES (218, 31, 4);
INSERT INTO [dbo].[RoomAmenity] ([room_amenity_id], [room_id], [amenity_id]) VALUES (219, 31, 14);
INSERT INTO [dbo].[RoomAmenity] ([room_amenity_id], [room_id], [amenity_id]) VALUES (220, 31, 5);
INSERT INTO [dbo].[RoomAmenity] ([room_amenity_id], [room_id], [amenity_id]) VALUES (221, 31, 8);
INSERT INTO [dbo].[RoomAmenity] ([room_amenity_id], [room_id], [amenity_id]) VALUES (222, 32, 16);
INSERT INTO [dbo].[RoomAmenity] ([room_amenity_id], [room_id], [amenity_id]) VALUES (223, 32, 2);
INSERT INTO [dbo].[RoomAmenity] ([room_amenity_id], [room_id], [amenity_id]) VALUES (224, 32, 3);
INSERT INTO [dbo].[RoomAmenity] ([room_amenity_id], [room_id], [amenity_id]) VALUES (225, 32, 4);
INSERT INTO [dbo].[RoomAmenity] ([room_amenity_id], [room_id], [amenity_id]) VALUES (226, 32, 14);
INSERT INTO [dbo].[RoomAmenity] ([room_amenity_id], [room_id], [amenity_id]) VALUES (227, 32, 5);
INSERT INTO [dbo].[RoomAmenity] ([room_amenity_id], [room_id], [amenity_id]) VALUES (228, 32, 8);
INSERT INTO [dbo].[RoomAmenity] ([room_amenity_id], [room_id], [amenity_id]) VALUES (229, 33, 1);
INSERT INTO [dbo].[RoomAmenity] ([room_amenity_id], [room_id], [amenity_id]) VALUES (230, 33, 12);
INSERT INTO [dbo].[RoomAmenity] ([room_amenity_id], [room_id], [amenity_id]) VALUES (231, 33, 2);
INSERT INTO [dbo].[RoomAmenity] ([room_amenity_id], [room_id], [amenity_id]) VALUES (232, 33, 3);
INSERT INTO [dbo].[RoomAmenity] ([room_amenity_id], [room_id], [amenity_id]) VALUES (233, 33, 4);
INSERT INTO [dbo].[RoomAmenity] ([room_amenity_id], [room_id], [amenity_id]) VALUES (234, 33, 14);
INSERT INTO [dbo].[RoomAmenity] ([room_amenity_id], [room_id], [amenity_id]) VALUES (235, 33, 5);
INSERT INTO [dbo].[RoomAmenity] ([room_amenity_id], [room_id], [amenity_id]) VALUES (236, 33, 8);
INSERT INTO [dbo].[RoomAmenity] ([room_amenity_id], [room_id], [amenity_id]) VALUES (237, 33, 17);
INSERT INTO [dbo].[RoomAmenity] ([room_amenity_id], [room_id], [amenity_id]) VALUES (238, 34, 1);
INSERT INTO [dbo].[RoomAmenity] ([room_amenity_id], [room_id], [amenity_id]) VALUES (239, 34, 2);
INSERT INTO [dbo].[RoomAmenity] ([room_amenity_id], [room_id], [amenity_id]) VALUES (240, 34, 3);
INSERT INTO [dbo].[RoomAmenity] ([room_amenity_id], [room_id], [amenity_id]) VALUES (241, 34, 4);
INSERT INTO [dbo].[RoomAmenity] ([room_amenity_id], [room_id], [amenity_id]) VALUES (242, 34, 14);
INSERT INTO [dbo].[RoomAmenity] ([room_amenity_id], [room_id], [amenity_id]) VALUES (243, 34, 5);
INSERT INTO [dbo].[RoomAmenity] ([room_amenity_id], [room_id], [amenity_id]) VALUES (244, 34, 6);
INSERT INTO [dbo].[RoomAmenity] ([room_amenity_id], [room_id], [amenity_id]) VALUES (245, 34, 7);
INSERT INTO [dbo].[RoomAmenity] ([room_amenity_id], [room_id], [amenity_id]) VALUES (246, 34, 8);
INSERT INTO [dbo].[RoomAmenity] ([room_amenity_id], [room_id], [amenity_id]) VALUES (247, 35, 2);
INSERT INTO [dbo].[RoomAmenity] ([room_amenity_id], [room_id], [amenity_id]) VALUES (248, 35, 3);
INSERT INTO [dbo].[RoomAmenity] ([room_amenity_id], [room_id], [amenity_id]) VALUES (249, 35, 4);
INSERT INTO [dbo].[RoomAmenity] ([room_amenity_id], [room_id], [amenity_id]) VALUES (250, 35, 14);
INSERT INTO [dbo].[RoomAmenity] ([room_amenity_id], [room_id], [amenity_id]) VALUES (251, 35, 5);
INSERT INTO [dbo].[RoomAmenity] ([room_amenity_id], [room_id], [amenity_id]) VALUES (252, 35, 8);
INSERT INTO [dbo].[RoomAmenity] ([room_amenity_id], [room_id], [amenity_id]) VALUES (253, 36, 1);
INSERT INTO [dbo].[RoomAmenity] ([room_amenity_id], [room_id], [amenity_id]) VALUES (254, 36, 12);
INSERT INTO [dbo].[RoomAmenity] ([room_amenity_id], [room_id], [amenity_id]) VALUES (255, 36, 2);
INSERT INTO [dbo].[RoomAmenity] ([room_amenity_id], [room_id], [amenity_id]) VALUES (256, 36, 3);
INSERT INTO [dbo].[RoomAmenity] ([room_amenity_id], [room_id], [amenity_id]) VALUES (257, 36, 4);
INSERT INTO [dbo].[RoomAmenity] ([room_amenity_id], [room_id], [amenity_id]) VALUES (258, 36, 14);
INSERT INTO [dbo].[RoomAmenity] ([room_amenity_id], [room_id], [amenity_id]) VALUES (259, 36, 5);
INSERT INTO [dbo].[RoomAmenity] ([room_amenity_id], [room_id], [amenity_id]) VALUES (260, 36, 6);
INSERT INTO [dbo].[RoomAmenity] ([room_amenity_id], [room_id], [amenity_id]) VALUES (261, 36, 7);
INSERT INTO [dbo].[RoomAmenity] ([room_amenity_id], [room_id], [amenity_id]) VALUES (262, 36, 8);
INSERT INTO [dbo].[RoomAmenity] ([room_amenity_id], [room_id], [amenity_id]) VALUES (263, 37, 2);
INSERT INTO [dbo].[RoomAmenity] ([room_amenity_id], [room_id], [amenity_id]) VALUES (264, 37, 3);
INSERT INTO [dbo].[RoomAmenity] ([room_amenity_id], [room_id], [amenity_id]) VALUES (265, 37, 4);
INSERT INTO [dbo].[RoomAmenity] ([room_amenity_id], [room_id], [amenity_id]) VALUES (266, 37, 5);
INSERT INTO [dbo].[RoomAmenity] ([room_amenity_id], [room_id], [amenity_id]) VALUES (267, 37, 8);
INSERT INTO [dbo].[RoomAmenity] ([room_amenity_id], [room_id], [amenity_id]) VALUES (268, 37, 21);
INSERT INTO [dbo].[RoomAmenity] ([room_amenity_id], [room_id], [amenity_id]) VALUES (269, 38, 1);
INSERT INTO [dbo].[RoomAmenity] ([room_amenity_id], [room_id], [amenity_id]) VALUES (270, 38, 2);
INSERT INTO [dbo].[RoomAmenity] ([room_amenity_id], [room_id], [amenity_id]) VALUES (271, 38, 3);
INSERT INTO [dbo].[RoomAmenity] ([room_amenity_id], [room_id], [amenity_id]) VALUES (272, 38, 4);
INSERT INTO [dbo].[RoomAmenity] ([room_amenity_id], [room_id], [amenity_id]) VALUES (273, 38, 5);
INSERT INTO [dbo].[RoomAmenity] ([room_amenity_id], [room_id], [amenity_id]) VALUES (274, 38, 8);
INSERT INTO [dbo].[RoomAmenity] ([room_amenity_id], [room_id], [amenity_id]) VALUES (275, 38, 21);
INSERT INTO [dbo].[RoomAmenity] ([room_amenity_id], [room_id], [amenity_id]) VALUES (276, 39, 12);
INSERT INTO [dbo].[RoomAmenity] ([room_amenity_id], [room_id], [amenity_id]) VALUES (277, 39, 2);
INSERT INTO [dbo].[RoomAmenity] ([room_amenity_id], [room_id], [amenity_id]) VALUES (278, 39, 3);
INSERT INTO [dbo].[RoomAmenity] ([room_amenity_id], [room_id], [amenity_id]) VALUES (279, 39, 4);
INSERT INTO [dbo].[RoomAmenity] ([room_amenity_id], [room_id], [amenity_id]) VALUES (280, 39, 5);
INSERT INTO [dbo].[RoomAmenity] ([room_amenity_id], [room_id], [amenity_id]) VALUES (281, 39, 8);
INSERT INTO [dbo].[RoomAmenity] ([room_amenity_id], [room_id], [amenity_id]) VALUES (282, 39, 21);
INSERT INTO [dbo].[RoomAmenity] ([room_amenity_id], [room_id], [amenity_id]) VALUES (283, 40, 1);
INSERT INTO [dbo].[RoomAmenity] ([room_amenity_id], [room_id], [amenity_id]) VALUES (284, 40, 2);
INSERT INTO [dbo].[RoomAmenity] ([room_amenity_id], [room_id], [amenity_id]) VALUES (285, 40, 3);
INSERT INTO [dbo].[RoomAmenity] ([room_amenity_id], [room_id], [amenity_id]) VALUES (286, 40, 4);
INSERT INTO [dbo].[RoomAmenity] ([room_amenity_id], [room_id], [amenity_id]) VALUES (287, 40, 5);
INSERT INTO [dbo].[RoomAmenity] ([room_amenity_id], [room_id], [amenity_id]) VALUES (288, 40, 8);
INSERT INTO [dbo].[RoomAmenity] ([room_amenity_id], [room_id], [amenity_id]) VALUES (289, 40, 21);
INSERT INTO [dbo].[RoomAmenity] ([room_amenity_id], [room_id], [amenity_id]) VALUES (290, 41, 16);
INSERT INTO [dbo].[RoomAmenity] ([room_amenity_id], [room_id], [amenity_id]) VALUES (291, 41, 2);
INSERT INTO [dbo].[RoomAmenity] ([room_amenity_id], [room_id], [amenity_id]) VALUES (292, 41, 3);
INSERT INTO [dbo].[RoomAmenity] ([room_amenity_id], [room_id], [amenity_id]) VALUES (293, 41, 4);
INSERT INTO [dbo].[RoomAmenity] ([room_amenity_id], [room_id], [amenity_id]) VALUES (294, 41, 5);
INSERT INTO [dbo].[RoomAmenity] ([room_amenity_id], [room_id], [amenity_id]) VALUES (295, 41, 8);
INSERT INTO [dbo].[RoomAmenity] ([room_amenity_id], [room_id], [amenity_id]) VALUES (296, 41, 21);
INSERT INTO [dbo].[RoomAmenity] ([room_amenity_id], [room_id], [amenity_id]) VALUES (297, 42, 9);
INSERT INTO [dbo].[RoomAmenity] ([room_amenity_id], [room_id], [amenity_id]) VALUES (298, 42, 2);
INSERT INTO [dbo].[RoomAmenity] ([room_amenity_id], [room_id], [amenity_id]) VALUES (299, 42, 3);
INSERT INTO [dbo].[RoomAmenity] ([room_amenity_id], [room_id], [amenity_id]) VALUES (300, 42, 4);
INSERT INTO [dbo].[RoomAmenity] ([room_amenity_id], [room_id], [amenity_id]) VALUES (301, 42, 5);
INSERT INTO [dbo].[RoomAmenity] ([room_amenity_id], [room_id], [amenity_id]) VALUES (302, 42, 8);
INSERT INTO [dbo].[RoomAmenity] ([room_amenity_id], [room_id], [amenity_id]) VALUES (303, 42, 21);
INSERT INTO [dbo].[RoomAmenity] ([room_amenity_id], [room_id], [amenity_id]) VALUES (304, 43, 13);
INSERT INTO [dbo].[RoomAmenity] ([room_amenity_id], [room_id], [amenity_id]) VALUES (305, 43, 2);
INSERT INTO [dbo].[RoomAmenity] ([room_amenity_id], [room_id], [amenity_id]) VALUES (306, 43, 3);
INSERT INTO [dbo].[RoomAmenity] ([room_amenity_id], [room_id], [amenity_id]) VALUES (307, 43, 4);
INSERT INTO [dbo].[RoomAmenity] ([room_amenity_id], [room_id], [amenity_id]) VALUES (308, 43, 5);
INSERT INTO [dbo].[RoomAmenity] ([room_amenity_id], [room_id], [amenity_id]) VALUES (309, 43, 8);
INSERT INTO [dbo].[RoomAmenity] ([room_amenity_id], [room_id], [amenity_id]) VALUES (310, 43, 21);
INSERT INTO [dbo].[RoomAmenity] ([room_amenity_id], [room_id], [amenity_id]) VALUES (311, 44, 1);
INSERT INTO [dbo].[RoomAmenity] ([room_amenity_id], [room_id], [amenity_id]) VALUES (312, 44, 2);
INSERT INTO [dbo].[RoomAmenity] ([room_amenity_id], [room_id], [amenity_id]) VALUES (313, 44, 3);
INSERT INTO [dbo].[RoomAmenity] ([room_amenity_id], [room_id], [amenity_id]) VALUES (314, 44, 4);
INSERT INTO [dbo].[RoomAmenity] ([room_amenity_id], [room_id], [amenity_id]) VALUES (315, 44, 5);
INSERT INTO [dbo].[RoomAmenity] ([room_amenity_id], [room_id], [amenity_id]) VALUES (316, 44, 6);
INSERT INTO [dbo].[RoomAmenity] ([room_amenity_id], [room_id], [amenity_id]) VALUES (317, 44, 8);
INSERT INTO [dbo].[RoomAmenity] ([room_amenity_id], [room_id], [amenity_id]) VALUES (318, 44, 21);
INSERT INTO [dbo].[RoomAmenity] ([room_amenity_id], [room_id], [amenity_id]) VALUES (319, 44, 17);
INSERT INTO [dbo].[RoomAmenity] ([room_amenity_id], [room_id], [amenity_id]) VALUES (320, 45, 1);
INSERT INTO [dbo].[RoomAmenity] ([room_amenity_id], [room_id], [amenity_id]) VALUES (321, 45, 9);
INSERT INTO [dbo].[RoomAmenity] ([room_amenity_id], [room_id], [amenity_id]) VALUES (322, 45, 2);
INSERT INTO [dbo].[RoomAmenity] ([room_amenity_id], [room_id], [amenity_id]) VALUES (323, 45, 3);
INSERT INTO [dbo].[RoomAmenity] ([room_amenity_id], [room_id], [amenity_id]) VALUES (324, 45, 4);
INSERT INTO [dbo].[RoomAmenity] ([room_amenity_id], [room_id], [amenity_id]) VALUES (325, 45, 5);
INSERT INTO [dbo].[RoomAmenity] ([room_amenity_id], [room_id], [amenity_id]) VALUES (326, 45, 6);
INSERT INTO [dbo].[RoomAmenity] ([room_amenity_id], [room_id], [amenity_id]) VALUES (327, 45, 8);
INSERT INTO [dbo].[RoomAmenity] ([room_amenity_id], [room_id], [amenity_id]) VALUES (328, 45, 21);
INSERT INTO [dbo].[RoomAmenity] ([room_amenity_id], [room_id], [amenity_id]) VALUES (329, 45, 22);
INSERT INTO [dbo].[RoomAmenity] ([room_amenity_id], [room_id], [amenity_id]) VALUES (330, 46, 1);
INSERT INTO [dbo].[RoomAmenity] ([room_amenity_id], [room_id], [amenity_id]) VALUES (331, 46, 2);
INSERT INTO [dbo].[RoomAmenity] ([room_amenity_id], [room_id], [amenity_id]) VALUES (332, 46, 3);
INSERT INTO [dbo].[RoomAmenity] ([room_amenity_id], [room_id], [amenity_id]) VALUES (333, 46, 4);
INSERT INTO [dbo].[RoomAmenity] ([room_amenity_id], [room_id], [amenity_id]) VALUES (334, 46, 5);
INSERT INTO [dbo].[RoomAmenity] ([room_amenity_id], [room_id], [amenity_id]) VALUES (335, 46, 6);
INSERT INTO [dbo].[RoomAmenity] ([room_amenity_id], [room_id], [amenity_id]) VALUES (336, 46, 8);
INSERT INTO [dbo].[RoomAmenity] ([room_amenity_id], [room_id], [amenity_id]) VALUES (337, 46, 21);
INSERT INTO [dbo].[RoomAmenity] ([room_amenity_id], [room_id], [amenity_id]) VALUES (338, 46, 22);
INSERT INTO [dbo].[RoomAmenity] ([room_amenity_id], [room_id], [amenity_id]) VALUES (339, 47, 1);
INSERT INTO [dbo].[RoomAmenity] ([room_amenity_id], [room_id], [amenity_id]) VALUES (340, 47, 2);
INSERT INTO [dbo].[RoomAmenity] ([room_amenity_id], [room_id], [amenity_id]) VALUES (341, 47, 3);
INSERT INTO [dbo].[RoomAmenity] ([room_amenity_id], [room_id], [amenity_id]) VALUES (342, 47, 4);
INSERT INTO [dbo].[RoomAmenity] ([room_amenity_id], [room_id], [amenity_id]) VALUES (343, 47, 8);
INSERT INTO [dbo].[RoomAmenity] ([room_amenity_id], [room_id], [amenity_id]) VALUES (344, 47, 21);
INSERT INTO [dbo].[RoomAmenity] ([room_amenity_id], [room_id], [amenity_id]) VALUES (345, 47, 22);
INSERT INTO [dbo].[RoomAmenity] ([room_amenity_id], [room_id], [amenity_id]) VALUES (346, 48, 1);
INSERT INTO [dbo].[RoomAmenity] ([room_amenity_id], [room_id], [amenity_id]) VALUES (347, 48, 2);
INSERT INTO [dbo].[RoomAmenity] ([room_amenity_id], [room_id], [amenity_id]) VALUES (348, 48, 3);
INSERT INTO [dbo].[RoomAmenity] ([room_amenity_id], [room_id], [amenity_id]) VALUES (349, 48, 4);
INSERT INTO [dbo].[RoomAmenity] ([room_amenity_id], [room_id], [amenity_id]) VALUES (350, 48, 5);
INSERT INTO [dbo].[RoomAmenity] ([room_amenity_id], [room_id], [amenity_id]) VALUES (351, 48, 6);
INSERT INTO [dbo].[RoomAmenity] ([room_amenity_id], [room_id], [amenity_id]) VALUES (352, 48, 8);
INSERT INTO [dbo].[RoomAmenity] ([room_amenity_id], [room_id], [amenity_id]) VALUES (353, 48, 21);
INSERT INTO [dbo].[RoomAmenity] ([room_amenity_id], [room_id], [amenity_id]) VALUES (354, 48, 22);
INSERT INTO [dbo].[RoomAmenity] ([room_amenity_id], [room_id], [amenity_id]) VALUES (355, 49, 1);
INSERT INTO [dbo].[RoomAmenity] ([room_amenity_id], [room_id], [amenity_id]) VALUES (356, 49, 12);
INSERT INTO [dbo].[RoomAmenity] ([room_amenity_id], [room_id], [amenity_id]) VALUES (357, 49, 13);
INSERT INTO [dbo].[RoomAmenity] ([room_amenity_id], [room_id], [amenity_id]) VALUES (358, 49, 2);
INSERT INTO [dbo].[RoomAmenity] ([room_amenity_id], [room_id], [amenity_id]) VALUES (359, 49, 3);
INSERT INTO [dbo].[RoomAmenity] ([room_amenity_id], [room_id], [amenity_id]) VALUES (360, 49, 4);
INSERT INTO [dbo].[RoomAmenity] ([room_amenity_id], [room_id], [amenity_id]) VALUES (361, 49, 5);
INSERT INTO [dbo].[RoomAmenity] ([room_amenity_id], [room_id], [amenity_id]) VALUES (362, 49, 6);
INSERT INTO [dbo].[RoomAmenity] ([room_amenity_id], [room_id], [amenity_id]) VALUES (363, 49, 7);
INSERT INTO [dbo].[RoomAmenity] ([room_amenity_id], [room_id], [amenity_id]) VALUES (364, 49, 8);
INSERT INTO [dbo].[RoomAmenity] ([room_amenity_id], [room_id], [amenity_id]) VALUES (365, 49, 21);
INSERT INTO [dbo].[RoomAmenity] ([room_amenity_id], [room_id], [amenity_id]) VALUES (366, 49, 22);
INSERT INTO [dbo].[RoomAmenity] ([room_amenity_id], [room_id], [amenity_id]) VALUES (367, 50, 1);
INSERT INTO [dbo].[RoomAmenity] ([room_amenity_id], [room_id], [amenity_id]) VALUES (368, 50, 15);
INSERT INTO [dbo].[RoomAmenity] ([room_amenity_id], [room_id], [amenity_id]) VALUES (369, 50, 12);
INSERT INTO [dbo].[RoomAmenity] ([room_amenity_id], [room_id], [amenity_id]) VALUES (370, 50, 16);
INSERT INTO [dbo].[RoomAmenity] ([room_amenity_id], [room_id], [amenity_id]) VALUES (371, 50, 2);
INSERT INTO [dbo].[RoomAmenity] ([room_amenity_id], [room_id], [amenity_id]) VALUES (372, 50, 3);
INSERT INTO [dbo].[RoomAmenity] ([room_amenity_id], [room_id], [amenity_id]) VALUES (373, 50, 4);
INSERT INTO [dbo].[RoomAmenity] ([room_amenity_id], [room_id], [amenity_id]) VALUES (374, 50, 5);
INSERT INTO [dbo].[RoomAmenity] ([room_amenity_id], [room_id], [amenity_id]) VALUES (375, 50, 6);
INSERT INTO [dbo].[RoomAmenity] ([room_amenity_id], [room_id], [amenity_id]) VALUES (376, 50, 7);
INSERT INTO [dbo].[RoomAmenity] ([room_amenity_id], [room_id], [amenity_id]) VALUES (377, 50, 8);
INSERT INTO [dbo].[RoomAmenity] ([room_amenity_id], [room_id], [amenity_id]) VALUES (378, 50, 21);
INSERT INTO [dbo].[RoomAmenity] ([room_amenity_id], [room_id], [amenity_id]) VALUES (379, 50, 22);
INSERT INTO [dbo].[RoomAmenity] ([room_amenity_id], [room_id], [amenity_id]) VALUES (380, 51, 1);
INSERT INTO [dbo].[RoomAmenity] ([room_amenity_id], [room_id], [amenity_id]) VALUES (381, 51, 12);
INSERT INTO [dbo].[RoomAmenity] ([room_amenity_id], [room_id], [amenity_id]) VALUES (382, 51, 16);
INSERT INTO [dbo].[RoomAmenity] ([room_amenity_id], [room_id], [amenity_id]) VALUES (383, 51, 2);
INSERT INTO [dbo].[RoomAmenity] ([room_amenity_id], [room_id], [amenity_id]) VALUES (384, 51, 3);
INSERT INTO [dbo].[RoomAmenity] ([room_amenity_id], [room_id], [amenity_id]) VALUES (385, 51, 4);
INSERT INTO [dbo].[RoomAmenity] ([room_amenity_id], [room_id], [amenity_id]) VALUES (386, 51, 5);
INSERT INTO [dbo].[RoomAmenity] ([room_amenity_id], [room_id], [amenity_id]) VALUES (387, 51, 6);
INSERT INTO [dbo].[RoomAmenity] ([room_amenity_id], [room_id], [amenity_id]) VALUES (388, 51, 7);
INSERT INTO [dbo].[RoomAmenity] ([room_amenity_id], [room_id], [amenity_id]) VALUES (389, 51, 8);
INSERT INTO [dbo].[RoomAmenity] ([room_amenity_id], [room_id], [amenity_id]) VALUES (390, 51, 21);
INSERT INTO [dbo].[RoomAmenity] ([room_amenity_id], [room_id], [amenity_id]) VALUES (391, 51, 22);
INSERT INTO [dbo].[RoomAmenity] ([room_amenity_id], [room_id], [amenity_id]) VALUES (392, 52, 2);
INSERT INTO [dbo].[RoomAmenity] ([room_amenity_id], [room_id], [amenity_id]) VALUES (393, 52, 3);
INSERT INTO [dbo].[RoomAmenity] ([room_amenity_id], [room_id], [amenity_id]) VALUES (394, 52, 4);
INSERT INTO [dbo].[RoomAmenity] ([room_amenity_id], [room_id], [amenity_id]) VALUES (395, 52, 8);
INSERT INTO [dbo].[RoomAmenity] ([room_amenity_id], [room_id], [amenity_id]) VALUES (396, 53, 15);
INSERT INTO [dbo].[RoomAmenity] ([room_amenity_id], [room_id], [amenity_id]) VALUES (397, 53, 2);
INSERT INTO [dbo].[RoomAmenity] ([room_amenity_id], [room_id], [amenity_id]) VALUES (398, 53, 3);
INSERT INTO [dbo].[RoomAmenity] ([room_amenity_id], [room_id], [amenity_id]) VALUES (399, 53, 4);
INSERT INTO [dbo].[RoomAmenity] ([room_amenity_id], [room_id], [amenity_id]) VALUES (400, 53, 8);
SET IDENTITY_INSERT [dbo].[RoomAmenity] OFF;
GO


-- ============================================================
-- Image
-- ============================================================
SET IDENTITY_INSERT [dbo].[Image] ON;
INSERT INTO [dbo].[Image] ([image_id], [room_id], [image_url], [is_cover], [public_id]) VALUES (1, 1, N'https://v2.localhome.vn/uploads/2026/01/IMG_7447-scaled-1.jpeg', 1, NULL);
INSERT INTO [dbo].[Image] ([image_id], [room_id], [image_url], [is_cover], [public_id]) VALUES (2, 1, N'https://v2.localhome.vn/uploads/2026/01/IMG_7445-scaled-1.jpeg', 0, NULL);
INSERT INTO [dbo].[Image] ([image_id], [room_id], [image_url], [is_cover], [public_id]) VALUES (3, 1, N'https://v2.localhome.vn/uploads/2026/01/IMG_7446-scaled-1.jpeg', 0, NULL);
INSERT INTO [dbo].[Image] ([image_id], [room_id], [image_url], [is_cover], [public_id]) VALUES (4, 2, N'https://v2.localhome.vn/uploads/2026/01/z6601752296792_b914205b45ef244f1339fa6e3e8b8161.jpg', 1, NULL);
INSERT INTO [dbo].[Image] ([image_id], [room_id], [image_url], [is_cover], [public_id]) VALUES (5, 2, N'https://v2.localhome.vn/uploads/2026/01/z6601752314267_e2172140c22756f9619cd97ba95dd0b8-Copy.jpg', 0, NULL);
INSERT INTO [dbo].[Image] ([image_id], [room_id], [image_url], [is_cover], [public_id]) VALUES (6, 2, N'https://v2.localhome.vn/uploads/2026/01/z6699884229418_b8726cb49fb3b68f75effc0c2e47b02d-scaled-1.jpg', 0, NULL);
INSERT INTO [dbo].[Image] ([image_id], [room_id], [image_url], [is_cover], [public_id]) VALUES (7, 3, N'https://v2.localhome.vn/uploads/2026/01/IMG_5894-scaled-1.jpeg', 1, NULL);
INSERT INTO [dbo].[Image] ([image_id], [room_id], [image_url], [is_cover], [public_id]) VALUES (8, 3, N'https://v2.localhome.vn/uploads/2026/01/IMG_6014.jpeg', 0, NULL);
INSERT INTO [dbo].[Image] ([image_id], [room_id], [image_url], [is_cover], [public_id]) VALUES (9, 3, N'https://v2.localhome.vn/uploads/2026/01/IMG_6015.jpeg', 0, NULL);
INSERT INTO [dbo].[Image] ([image_id], [room_id], [image_url], [is_cover], [public_id]) VALUES (10, 4, N'https://v2.localhome.vn/uploads/2026/01/IMG_7453-scaled-1.jpeg', 1, NULL);
INSERT INTO [dbo].[Image] ([image_id], [room_id], [image_url], [is_cover], [public_id]) VALUES (11, 4, N'https://v2.localhome.vn/uploads/2026/01/IMG_7452.jpeg', 0, NULL);
INSERT INTO [dbo].[Image] ([image_id], [room_id], [image_url], [is_cover], [public_id]) VALUES (12, 4, N'https://v2.localhome.vn/uploads/2026/01/IMG_7450-scaled-1.jpeg', 0, NULL);
INSERT INTO [dbo].[Image] ([image_id], [room_id], [image_url], [is_cover], [public_id]) VALUES (13, 5, N'https://v2.localhome.vn/uploads/2026/01/z7584222270773_f80c5c076cdc0f5c535bc5f045e646a0.jpg', 1, NULL);
INSERT INTO [dbo].[Image] ([image_id], [room_id], [image_url], [is_cover], [public_id]) VALUES (14, 5, N'https://v2.localhome.vn/uploads/2026/01/z7584221315296_98c4201e8afc1536c22cfbd1a218e5ab.jpg', 0, NULL);
INSERT INTO [dbo].[Image] ([image_id], [room_id], [image_url], [is_cover], [public_id]) VALUES (15, 5, N'https://v2.localhome.vn/uploads/2026/01/z7584221314959_b6ad166d88cb5e39a9c2cac77d497c0d-1-scaled.jpg', 0, NULL);
INSERT INTO [dbo].[Image] ([image_id], [room_id], [image_url], [is_cover], [public_id]) VALUES (16, 5, N'https://v2.localhome.vn/uploads/2026/01/Them-tieu-de-phu.png', 0, NULL);
INSERT INTO [dbo].[Image] ([image_id], [room_id], [image_url], [is_cover], [public_id]) VALUES (17, 6, N'https://v2.localhome.vn/uploads/2026/01/IMG_6113-scaled-1.jpeg', 1, NULL);
INSERT INTO [dbo].[Image] ([image_id], [room_id], [image_url], [is_cover], [public_id]) VALUES (18, 6, N'https://v2.localhome.vn/uploads/2026/01/IMG_6111-scaled-1.jpeg', 0, NULL);
INSERT INTO [dbo].[Image] ([image_id], [room_id], [image_url], [is_cover], [public_id]) VALUES (19, 6, N'https://v2.localhome.vn/uploads/2026/01/IMG_6116-scaled-1.jpeg', 0, NULL);
INSERT INTO [dbo].[Image] ([image_id], [room_id], [image_url], [is_cover], [public_id]) VALUES (20, 7, N'https://v2.localhome.vn/uploads/2026/01/z6374432559123_d278ee74a6bcab610291dba2c95a71bc.jpg', 1, NULL);
INSERT INTO [dbo].[Image] ([image_id], [room_id], [image_url], [is_cover], [public_id]) VALUES (21, 7, N'https://v2.localhome.vn/uploads/2026/01/z6717256698264_aee06835ad4c8f0b15db8036c34e63e1.jpg', 0, NULL);
INSERT INTO [dbo].[Image] ([image_id], [room_id], [image_url], [is_cover], [public_id]) VALUES (22, 7, N'https://v2.localhome.vn/uploads/2026/01/z6717284522067_0eeb89c8a035b4b9ae01b48315a987a5.jpg', 0, NULL);
INSERT INTO [dbo].[Image] ([image_id], [room_id], [image_url], [is_cover], [public_id]) VALUES (23, 8, N'https://v2.localhome.vn/uploads/2026/02/z7534917297422_08ecc920935912c541b449c18906d582-e1771231529375.jpg', 1, NULL);
INSERT INTO [dbo].[Image] ([image_id], [room_id], [image_url], [is_cover], [public_id]) VALUES (24, 9, N'https://v2.localhome.vn/uploads/2026/02/z7499252138543_aea81bc698b3ded71b1c17d3e4744f8a.jpg', 1, NULL);
INSERT INTO [dbo].[Image] ([image_id], [room_id], [image_url], [is_cover], [public_id]) VALUES (25, 9, N'https://v2.localhome.vn/uploads/2026/02/z7499252138590_2480d8a6bad87c57e342dbe8eff0049e-scaled.jpg', 0, NULL);
INSERT INTO [dbo].[Image] ([image_id], [room_id], [image_url], [is_cover], [public_id]) VALUES (26, 9, N'https://v2.localhome.vn/uploads/2026/02/z7499252138587_cd00d05c6f54689c8e779765e6d46397-scaled.jpg', 0, NULL);
INSERT INTO [dbo].[Image] ([image_id], [room_id], [image_url], [is_cover], [public_id]) VALUES (27, 10, N'https://v2.localhome.vn/uploads/2026/02/z7499250703370_9798f757acd184193c0eb71156be26f1-scaled.jpg', 1, NULL);
INSERT INTO [dbo].[Image] ([image_id], [room_id], [image_url], [is_cover], [public_id]) VALUES (28, 10, N'https://v2.localhome.vn/uploads/2026/02/z7499250703367_5469cd874e57388ddc86613f3e35a568-scaled.jpg', 0, NULL);
INSERT INTO [dbo].[Image] ([image_id], [room_id], [image_url], [is_cover], [public_id]) VALUES (29, 10, N'https://v2.localhome.vn/uploads/2026/02/z7499250703369_fac04087c3a7cea04a9441bf4d3f8ebd-scaled.jpg', 0, NULL);
INSERT INTO [dbo].[Image] ([image_id], [room_id], [image_url], [is_cover], [public_id]) VALUES (30, 10, N'https://v2.localhome.vn/uploads/2026/02/z7499250684225_e3b7979f31ba8da63b2186639a942617-scaled.jpg', 0, NULL);
INSERT INTO [dbo].[Image] ([image_id], [room_id], [image_url], [is_cover], [public_id]) VALUES (31, 11, N'https://v2.localhome.vn/uploads/2026/02/7494753594044.jpeg', 1, NULL);
INSERT INTO [dbo].[Image] ([image_id], [room_id], [image_url], [is_cover], [public_id]) VALUES (32, 11, N'https://v2.localhome.vn/uploads/2026/02/z7499249982555_653c952bed1273041800ce7aa4b7cc5d-scaled.jpg', 0, NULL);
INSERT INTO [dbo].[Image] ([image_id], [room_id], [image_url], [is_cover], [public_id]) VALUES (33, 11, N'https://v2.localhome.vn/uploads/2026/02/1JIKNC7FF_9CJO0E-scaled.jpeg', 0, NULL);
INSERT INTO [dbo].[Image] ([image_id], [room_id], [image_url], [is_cover], [public_id]) VALUES (34, 11, N'https://v2.localhome.vn/uploads/2026/02/1JIKNC7HE_9CJO0E-scaled.jpeg', 0, NULL);
INSERT INTO [dbo].[Image] ([image_id], [room_id], [image_url], [is_cover], [public_id]) VALUES (35, 11, N'https://v2.localhome.vn/uploads/2026/02/z7499249965897_121faef7fea78e27b86c89de2cb3015a.jpg', 0, NULL);
INSERT INTO [dbo].[Image] ([image_id], [room_id], [image_url], [is_cover], [public_id]) VALUES (36, 12, N'https://v2.localhome.vn/uploads/2026/02/z7499249092934_80af57479a80a12e428a8539353b5e13-scaled.jpg', 1, NULL);
INSERT INTO [dbo].[Image] ([image_id], [room_id], [image_url], [is_cover], [public_id]) VALUES (37, 12, N'https://v2.localhome.vn/uploads/2026/02/z7499249092928_319c5ff7735c4a903d4c964c4b2104da-scaled.jpg', 0, NULL);
INSERT INTO [dbo].[Image] ([image_id], [room_id], [image_url], [is_cover], [public_id]) VALUES (38, 12, N'https://v2.localhome.vn/uploads/2026/02/z7499249092931_8f336bdd3773de5bd9120733821e3664.jpg', 0, NULL);
INSERT INTO [dbo].[Image] ([image_id], [room_id], [image_url], [is_cover], [public_id]) VALUES (39, 12, N'https://v2.localhome.vn/uploads/2026/02/z7499249092933_f2351fe1b79056837d560593c0213f3e-scaled.jpg', 0, NULL);
INSERT INTO [dbo].[Image] ([image_id], [room_id], [image_url], [is_cover], [public_id]) VALUES (40, 12, N'https://v2.localhome.vn/uploads/2026/02/z7499249092935_c61bd2b4374098d93d390fcbff188a4e.jpg', 0, NULL);
INSERT INTO [dbo].[Image] ([image_id], [room_id], [image_url], [is_cover], [public_id]) VALUES (41, 13, N'https://v2.localhome.vn/uploads/2026/02/z7499251524411_ea7e968e28eeb02439a42c6cf267b7ae-scaled.jpg', 1, NULL);
INSERT INTO [dbo].[Image] ([image_id], [room_id], [image_url], [is_cover], [public_id]) VALUES (42, 13, N'https://v2.localhome.vn/uploads/2026/02/z7499251524416_1e8f3cf62ff0c83a2fc1c623acc7aa81-scaled.jpg', 0, NULL);
INSERT INTO [dbo].[Image] ([image_id], [room_id], [image_url], [is_cover], [public_id]) VALUES (43, 13, N'https://v2.localhome.vn/uploads/2026/02/z7499251524413_4d6eb354c5a40365cfb9b735ca95d5bb-scaled.jpg', 0, NULL);
INSERT INTO [dbo].[Image] ([image_id], [room_id], [image_url], [is_cover], [public_id]) VALUES (44, 13, N'https://v2.localhome.vn/uploads/2026/02/z7499251524412_e41b60313391d76e6a25b56a12f76abd-scaled.jpg', 0, NULL);
INSERT INTO [dbo].[Image] ([image_id], [room_id], [image_url], [is_cover], [public_id]) VALUES (45, 14, N'https://v2.localhome.vn/uploads/2026/02/z7499247768075_ce3d1d527b835f481f72426213a33b22-scaled.jpg', 1, NULL);
INSERT INTO [dbo].[Image] ([image_id], [room_id], [image_url], [is_cover], [public_id]) VALUES (46, 14, N'https://v2.localhome.vn/uploads/2026/02/z7499247786767_5edb0aeb725a43afb636a3d47ac6caba-scaled.jpg', 0, NULL);
INSERT INTO [dbo].[Image] ([image_id], [room_id], [image_url], [is_cover], [public_id]) VALUES (47, 14, N'https://v2.localhome.vn/uploads/2026/02/z7499247929765_f00d15609a2aa2e6ee9717e8eeed3999-scaled.jpg', 0, NULL);
INSERT INTO [dbo].[Image] ([image_id], [room_id], [image_url], [is_cover], [public_id]) VALUES (48, 14, N'https://v2.localhome.vn/uploads/2026/02/z7499247870088_66a20754997517f9a2fa854564cfc76f-scaled.jpg', 0, NULL);
INSERT INTO [dbo].[Image] ([image_id], [room_id], [image_url], [is_cover], [public_id]) VALUES (49, 14, N'https://v2.localhome.vn/uploads/2026/02/z7499247808001_34af9dd8d683db8d5f627a6354243fad-scaled.jpg', 0, NULL);
INSERT INTO [dbo].[Image] ([image_id], [room_id], [image_url], [is_cover], [public_id]) VALUES (50, 15, N'https://v2.localhome.vn/uploads/2025/12/z7349695363287_5bf4138aa9e6c6dab473030680e8e365.jpg', 1, NULL);
INSERT INTO [dbo].[Image] ([image_id], [room_id], [image_url], [is_cover], [public_id]) VALUES (51, 15, N'https://v2.localhome.vn/uploads/2025/12/z7349695363285_931a477d3e828f5c2020ac0eb280d690.jpg', 0, NULL);
INSERT INTO [dbo].[Image] ([image_id], [room_id], [image_url], [is_cover], [public_id]) VALUES (52, 15, N'https://v2.localhome.vn/uploads/2025/12/z7349695363286_ead8508b14802312c382e55811551921.jpg', 0, NULL);
INSERT INTO [dbo].[Image] ([image_id], [room_id], [image_url], [is_cover], [public_id]) VALUES (53, 15, N'https://v2.localhome.vn/uploads/2025/12/z7349695363255_94ceff174fa87e4ffc9a6014556abae2.jpg', 0, NULL);
INSERT INTO [dbo].[Image] ([image_id], [room_id], [image_url], [is_cover], [public_id]) VALUES (54, 16, N'https://v2.localhome.vn/uploads/2025/12/z7349696756970_71e7326b6052428d9eddb44c3d1804ee.jpg', 1, NULL);
INSERT INTO [dbo].[Image] ([image_id], [room_id], [image_url], [is_cover], [public_id]) VALUES (55, 16, N'https://v2.localhome.vn/uploads/2025/12/z7349696757000_29b59df45caf54e072e4130b968a00ed.jpg', 0, NULL);
INSERT INTO [dbo].[Image] ([image_id], [room_id], [image_url], [is_cover], [public_id]) VALUES (56, 16, N'https://v2.localhome.vn/uploads/2025/12/z7349696756999_f48947b8ab665b3e54ac24d4cbbea9df.jpg', 0, NULL);
INSERT INTO [dbo].[Image] ([image_id], [room_id], [image_url], [is_cover], [public_id]) VALUES (57, 16, N'https://v2.localhome.vn/uploads/2025/12/z7349696756998_e64d680a3edd438fb778e838cb6e9393.jpg', 0, NULL);
INSERT INTO [dbo].[Image] ([image_id], [room_id], [image_url], [is_cover], [public_id]) VALUES (58, 16, N'https://v2.localhome.vn/uploads/2025/12/z7349696756997_cb1c17ebb1da98f8a57d78d1e2149a1f.jpg', 0, NULL);
INSERT INTO [dbo].[Image] ([image_id], [room_id], [image_url], [is_cover], [public_id]) VALUES (59, 17, N'https://v2.localhome.vn/uploads/2025/12/z7349695873887_c8c99e9f8fef5c13d15846bdfd27ac09.jpg', 1, NULL);
INSERT INTO [dbo].[Image] ([image_id], [room_id], [image_url], [is_cover], [public_id]) VALUES (60, 17, N'https://v2.localhome.vn/uploads/2025/12/z7349695873909_c89ce3a72cde22bae3156023af20a80d.jpg', 0, NULL);
INSERT INTO [dbo].[Image] ([image_id], [room_id], [image_url], [is_cover], [public_id]) VALUES (61, 17, N'https://v2.localhome.vn/uploads/2025/12/z7349695873910_a49bc4193b068f592a043e40e6f06460.jpg', 0, NULL);
INSERT INTO [dbo].[Image] ([image_id], [room_id], [image_url], [is_cover], [public_id]) VALUES (62, 18, N'https://v2.localhome.vn/uploads/2025/12/z7349696198014_153eca56a10aedd456f0a349888a2614.jpg', 1, NULL);
INSERT INTO [dbo].[Image] ([image_id], [room_id], [image_url], [is_cover], [public_id]) VALUES (63, 18, N'https://v2.localhome.vn/uploads/2025/12/z7349696198025_18f6ef5623c256666b5f58cdccdacd27.jpg', 0, NULL);
INSERT INTO [dbo].[Image] ([image_id], [room_id], [image_url], [is_cover], [public_id]) VALUES (64, 18, N'https://v2.localhome.vn/uploads/2025/12/z7349696198027_e5c37be1b7bcf2d853fcaf44fbca42b6.jpg', 0, NULL);
INSERT INTO [dbo].[Image] ([image_id], [room_id], [image_url], [is_cover], [public_id]) VALUES (65, 18, N'https://v2.localhome.vn/uploads/2025/12/z7349696198026_cd0b42ce80d803f524af2d637bd2bb46.jpg', 0, NULL);
INSERT INTO [dbo].[Image] ([image_id], [room_id], [image_url], [is_cover], [public_id]) VALUES (66, 19, N'https://v2.localhome.vn/uploads/2025/10/z7168722025286_73f524ac8b452db4f37eea8228a57f97-scaled.jpg', 1, NULL);
INSERT INTO [dbo].[Image] ([image_id], [room_id], [image_url], [is_cover], [public_id]) VALUES (67, 19, N'https://v2.localhome.vn/uploads/2025/10/z7168722025284_f3a10d1aeb8493f3e1ad78edd651e06d.jpg', 0, NULL);
INSERT INTO [dbo].[Image] ([image_id], [room_id], [image_url], [is_cover], [public_id]) VALUES (68, 19, N'https://v2.localhome.vn/uploads/2025/10/z7168722025265_a4f8b7f50432ebe94d00f533294d0c83.jpg', 0, NULL);
INSERT INTO [dbo].[Image] ([image_id], [room_id], [image_url], [is_cover], [public_id]) VALUES (69, 19, N'https://v2.localhome.vn/uploads/2025/10/z7168722025285_7127ef5d986c61a60d0aedfca8ba76e2-scaled.jpg', 0, NULL);
INSERT INTO [dbo].[Image] ([image_id], [room_id], [image_url], [is_cover], [public_id]) VALUES (70, 19, N'https://v2.localhome.vn/uploads/2025/10/z7168722025283_3bf8c5beb02a714aeace15834633edcb.jpg', 0, NULL);
INSERT INTO [dbo].[Image] ([image_id], [room_id], [image_url], [is_cover], [public_id]) VALUES (71, 20, N'https://v2.localhome.vn/uploads/2025/10/z7168722520692_85e713d63a4ea9ae33d62bd30a18d5f0.jpg', 1, NULL);
INSERT INTO [dbo].[Image] ([image_id], [room_id], [image_url], [is_cover], [public_id]) VALUES (72, 20, N'https://v2.localhome.vn/uploads/2025/10/z7168722520689_c6a24242943d698a901bd49520b898b6.jpg', 0, NULL);
INSERT INTO [dbo].[Image] ([image_id], [room_id], [image_url], [is_cover], [public_id]) VALUES (73, 20, N'https://v2.localhome.vn/uploads/2025/10/z7168722520691_42bce1ad318170d479fe263da31f92aa.jpg', 0, NULL);
INSERT INTO [dbo].[Image] ([image_id], [room_id], [image_url], [is_cover], [public_id]) VALUES (74, 20, N'https://v2.localhome.vn/uploads/2025/10/z7168722520693_6149f5114cc893024deb37063b59daf6.jpg', 0, NULL);
INSERT INTO [dbo].[Image] ([image_id], [room_id], [image_url], [is_cover], [public_id]) VALUES (75, 20, N'https://v2.localhome.vn/uploads/2025/10/z7168722520690_439f6cc2b2015be981cbb4f0e2fc37de.jpg', 0, NULL);
INSERT INTO [dbo].[Image] ([image_id], [room_id], [image_url], [is_cover], [public_id]) VALUES (76, 21, N'https://v2.localhome.vn/uploads/2025/10/z7168721532938_3d4582860fb0a4448750754df16de2a5.jpg', 1, NULL);
INSERT INTO [dbo].[Image] ([image_id], [room_id], [image_url], [is_cover], [public_id]) VALUES (77, 21, N'https://v2.localhome.vn/uploads/2025/10/z7168721532963_d3a98b6cf152e0ddb18b95f307385342.jpg', 0, NULL);
INSERT INTO [dbo].[Image] ([image_id], [room_id], [image_url], [is_cover], [public_id]) VALUES (78, 21, N'https://v2.localhome.vn/uploads/2025/10/z7168721532966_48c01aeded146965f7337ff102d6a36f.jpg', 0, NULL);
INSERT INTO [dbo].[Image] ([image_id], [room_id], [image_url], [is_cover], [public_id]) VALUES (79, 21, N'https://v2.localhome.vn/uploads/2025/10/z7168721532965_4380ddfad5f201eead8c8f4673e6c38d.jpg', 0, NULL);
INSERT INTO [dbo].[Image] ([image_id], [room_id], [image_url], [is_cover], [public_id]) VALUES (80, 22, N'https://v2.localhome.vn/uploads/2025/10/z7168716871795_afa1bec85525e04da07250d08d59d83a.jpg', 1, NULL);
INSERT INTO [dbo].[Image] ([image_id], [room_id], [image_url], [is_cover], [public_id]) VALUES (81, 22, N'https://v2.localhome.vn/uploads/2025/10/z7168716871765_4ad7c1b0f5314bbbf2c8dba39e28d8a5.jpg', 0, NULL);
INSERT INTO [dbo].[Image] ([image_id], [room_id], [image_url], [is_cover], [public_id]) VALUES (82, 22, N'https://v2.localhome.vn/uploads/2025/10/z7168716871794_c1ad4a0806167e043f738900f94a281a-scaled.jpg', 0, NULL);
INSERT INTO [dbo].[Image] ([image_id], [room_id], [image_url], [is_cover], [public_id]) VALUES (83, 22, N'https://v2.localhome.vn/uploads/2025/10/z7168716871797_eb9f8d260c511bc817ec275589cfd947.jpg', 0, NULL);
INSERT INTO [dbo].[Image] ([image_id], [room_id], [image_url], [is_cover], [public_id]) VALUES (84, 22, N'https://v2.localhome.vn/uploads/2025/10/z7168716871796_9dab5411d144d3605dc0a546a71e80de.jpg', 0, NULL);
INSERT INTO [dbo].[Image] ([image_id], [room_id], [image_url], [is_cover], [public_id]) VALUES (85, 23, N'https://v2.localhome.vn/uploads/2025/10/z7168716317186_2ee085980c98f3d353ede02c3ea7c374.jpg', 1, NULL);
INSERT INTO [dbo].[Image] ([image_id], [room_id], [image_url], [is_cover], [public_id]) VALUES (86, 23, N'https://v2.localhome.vn/uploads/2025/10/z7168716317189_dc362bfdadd19818fb641574078c81c8.jpg', 0, NULL);
INSERT INTO [dbo].[Image] ([image_id], [room_id], [image_url], [is_cover], [public_id]) VALUES (87, 23, N'https://v2.localhome.vn/uploads/2025/10/z7168716317170_8236590a937999df5437bb961edecac2-scaled.jpg', 0, NULL);
INSERT INTO [dbo].[Image] ([image_id], [room_id], [image_url], [is_cover], [public_id]) VALUES (88, 23, N'https://v2.localhome.vn/uploads/2025/10/z7168716317190_c380059516a7fb05a9e0df1adfc5c23b.jpg', 0, NULL);
INSERT INTO [dbo].[Image] ([image_id], [room_id], [image_url], [is_cover], [public_id]) VALUES (89, 23, N'https://v2.localhome.vn/uploads/2025/10/z7168716317188_c7eefdb6821cd41abaca0d658b7a962a.jpg', 0, NULL);
INSERT INTO [dbo].[Image] ([image_id], [room_id], [image_url], [is_cover], [public_id]) VALUES (90, 23, N'https://v2.localhome.vn/uploads/2025/10/z7168716317185_88cf58d39f8f4cfc2a95bb6b28227a18.jpg', 0, NULL);
INSERT INTO [dbo].[Image] ([image_id], [room_id], [image_url], [is_cover], [public_id]) VALUES (91, 24, N'https://v2.localhome.vn/uploads/2025/10/z7168715765691_30d2f50b64768493d41f432b6141c03e.jpg', 1, NULL);
INSERT INTO [dbo].[Image] ([image_id], [room_id], [image_url], [is_cover], [public_id]) VALUES (92, 24, N'https://v2.localhome.vn/uploads/2025/10/z7168715765690_33f3e050285e6de26a84cef05c443dbd.jpg', 0, NULL);
INSERT INTO [dbo].[Image] ([image_id], [room_id], [image_url], [is_cover], [public_id]) VALUES (93, 24, N'https://v2.localhome.vn/uploads/2025/10/z7168715765694_abce77bbabc00815d295cd0b2edd345d.jpg', 0, NULL);
INSERT INTO [dbo].[Image] ([image_id], [room_id], [image_url], [is_cover], [public_id]) VALUES (94, 24, N'https://v2.localhome.vn/uploads/2025/10/z7168715765693_eafd3a2e1c1215d4a7c2a94d4dcd9252-scaled.jpg', 0, NULL);
INSERT INTO [dbo].[Image] ([image_id], [room_id], [image_url], [is_cover], [public_id]) VALUES (95, 24, N'https://v2.localhome.vn/uploads/2025/10/z7168715765692_6466faeab89413c850f06bccbf4b1639.jpg', 0, NULL);
INSERT INTO [dbo].[Image] ([image_id], [room_id], [image_url], [is_cover], [public_id]) VALUES (96, 24, N'https://v2.localhome.vn/uploads/2025/10/z7168715765657_a80a41039de07591de5a1edaf99c4184.jpg', 0, NULL);
INSERT INTO [dbo].[Image] ([image_id], [room_id], [image_url], [is_cover], [public_id]) VALUES (97, 25, N'https://v2.localhome.vn/uploads/2025/10/z7168719788446_0b17babb58a2bbad1be9f710e4802ca7.jpg', 1, NULL);
INSERT INTO [dbo].[Image] ([image_id], [room_id], [image_url], [is_cover], [public_id]) VALUES (98, 25, N'https://v2.localhome.vn/uploads/2025/10/z7168719788449_114c75334fbae7c2a7ea69bea1d15ed3.jpg', 0, NULL);
INSERT INTO [dbo].[Image] ([image_id], [room_id], [image_url], [is_cover], [public_id]) VALUES (99, 25, N'https://v2.localhome.vn/uploads/2025/10/z7168719788447_3427ab9ccf97ee433b8d8d4fe2437acd.jpg', 0, NULL);
INSERT INTO [dbo].[Image] ([image_id], [room_id], [image_url], [is_cover], [public_id]) VALUES (100, 25, N'https://v2.localhome.vn/uploads/2025/10/z7168719788432_f1ce99dc54b9be0b91da290b45373bad.jpg', 0, NULL);
INSERT INTO [dbo].[Image] ([image_id], [room_id], [image_url], [is_cover], [public_id]) VALUES (101, 25, N'https://v2.localhome.vn/uploads/2025/10/z7168719788445_2d3bf4b7d877e17a3dbab751d54a3168-scaled.jpg', 0, NULL);
INSERT INTO [dbo].[Image] ([image_id], [room_id], [image_url], [is_cover], [public_id]) VALUES (102, 25, N'https://v2.localhome.vn/uploads/2025/10/z7168719788448_c99c7c7a6a68547e5acfa3f3ecd887a4.jpg', 0, NULL);
INSERT INTO [dbo].[Image] ([image_id], [room_id], [image_url], [is_cover], [public_id]) VALUES (103, 26, N'https://v2.localhome.vn/uploads/2025/10/z7168721035193_218bca618a9b68011a2afe3dcf14d0b0.jpg', 1, NULL);
INSERT INTO [dbo].[Image] ([image_id], [room_id], [image_url], [is_cover], [public_id]) VALUES (104, 26, N'https://v2.localhome.vn/uploads/2025/10/z7168721035191_40ea5e1d283a200f812b99b11f23da0c.jpg', 0, NULL);
INSERT INTO [dbo].[Image] ([image_id], [room_id], [image_url], [is_cover], [public_id]) VALUES (105, 26, N'https://v2.localhome.vn/uploads/2025/10/z7168721035188_813717f1043eefe57599584c350e3848.jpg', 0, NULL);
INSERT INTO [dbo].[Image] ([image_id], [room_id], [image_url], [is_cover], [public_id]) VALUES (106, 26, N'https://v2.localhome.vn/uploads/2025/10/z7168721035190_01a6598cec83e3e0c658bb7a415f38ca.jpg', 0, NULL);
INSERT INTO [dbo].[Image] ([image_id], [room_id], [image_url], [is_cover], [public_id]) VALUES (107, 26, N'https://v2.localhome.vn/uploads/2025/10/z7168721035169_e84ded42a334f89640cfdf895918358a.jpg', 0, NULL);
INSERT INTO [dbo].[Image] ([image_id], [room_id], [image_url], [is_cover], [public_id]) VALUES (108, 26, N'https://v2.localhome.vn/uploads/2025/10/z7168721035189_d61658ec74511d30cebb8b32aead240a.jpg', 0, NULL);
INSERT INTO [dbo].[Image] ([image_id], [room_id], [image_url], [is_cover], [public_id]) VALUES (109, 27, N'https://v2.localhome.vn/uploads/2025/10/z7168720410436_c659e261b262d1d1a1efb16da647b4c4.jpg', 1, NULL);
INSERT INTO [dbo].[Image] ([image_id], [room_id], [image_url], [is_cover], [public_id]) VALUES (110, 27, N'https://v2.localhome.vn/uploads/2025/10/z7168720410434_55a09fbc9241cd00e6c028e461407536.jpg', 0, NULL);
INSERT INTO [dbo].[Image] ([image_id], [room_id], [image_url], [is_cover], [public_id]) VALUES (111, 27, N'https://v2.localhome.vn/uploads/2025/10/z7168720410433_21c93c7cb3f1f21e77120e12d6fe60c6.jpg', 0, NULL);
INSERT INTO [dbo].[Image] ([image_id], [room_id], [image_url], [is_cover], [public_id]) VALUES (112, 27, N'https://v2.localhome.vn/uploads/2025/10/z7168720410437_509bb28762a83389204300b1d343d750.jpg', 0, NULL);
INSERT INTO [dbo].[Image] ([image_id], [room_id], [image_url], [is_cover], [public_id]) VALUES (113, 27, N'https://v2.localhome.vn/uploads/2025/10/z7168720410432_6b5b6ff5fe0bdb55c566d082af2ac869.jpg', 0, NULL);
INSERT INTO [dbo].[Image] ([image_id], [room_id], [image_url], [is_cover], [public_id]) VALUES (114, 27, N'https://v2.localhome.vn/uploads/2025/10/z7168720410411_45a53770141eab0910d10cf985b816fa.jpg', 0, NULL);
INSERT INTO [dbo].[Image] ([image_id], [room_id], [image_url], [is_cover], [public_id]) VALUES (115, 28, N'https://v2.localhome.vn/uploads/2025/10/z7168718608037_2ae48982f7cfd857bb1c5555325a0d82.jpg', 1, NULL);
INSERT INTO [dbo].[Image] ([image_id], [room_id], [image_url], [is_cover], [public_id]) VALUES (116, 28, N'https://v2.localhome.vn/uploads/2025/10/z7168718608042_f2c59e7ad3d7e25e5c805da9a2b2316d.jpg', 0, NULL);
INSERT INTO [dbo].[Image] ([image_id], [room_id], [image_url], [is_cover], [public_id]) VALUES (117, 28, N'https://v2.localhome.vn/uploads/2025/10/z7168718608041_c22cc4d2d827d6419c8366b6aa46d534.jpg', 0, NULL);
INSERT INTO [dbo].[Image] ([image_id], [room_id], [image_url], [is_cover], [public_id]) VALUES (118, 28, N'https://v2.localhome.vn/uploads/2025/10/z7168718608009_b5a62c2da97474657fa0cb03ff4461cb-scaled.jpg', 0, NULL);
INSERT INTO [dbo].[Image] ([image_id], [room_id], [image_url], [is_cover], [public_id]) VALUES (119, 28, N'https://v2.localhome.vn/uploads/2025/10/z7168718608038_e0d1b763e2161c9b5dbbcb5d0060e5fb.jpg', 0, NULL);
INSERT INTO [dbo].[Image] ([image_id], [room_id], [image_url], [is_cover], [public_id]) VALUES (120, 29, N'https://v2.localhome.vn/uploads/2025/10/z7168717925149_36673d8f307f047bdfe64e53b12264d6.jpg', 1, NULL);
INSERT INTO [dbo].[Image] ([image_id], [room_id], [image_url], [is_cover], [public_id]) VALUES (121, 29, N'https://v2.localhome.vn/uploads/2025/10/z7168717925152_57a6dcea3518d8f7dca8e861489dd0f1.jpg', 0, NULL);
INSERT INTO [dbo].[Image] ([image_id], [room_id], [image_url], [is_cover], [public_id]) VALUES (122, 29, N'https://v2.localhome.vn/uploads/2025/10/z7168717925154_c66ec27319c7fd961ced0e2c3e7f9b4f.jpg', 0, NULL);
INSERT INTO [dbo].[Image] ([image_id], [room_id], [image_url], [is_cover], [public_id]) VALUES (123, 29, N'https://v2.localhome.vn/uploads/2025/10/z7168717925125_9a8b0dfcd3ad554df36a5b709787bf1d.jpg', 0, NULL);
INSERT INTO [dbo].[Image] ([image_id], [room_id], [image_url], [is_cover], [public_id]) VALUES (124, 29, N'https://v2.localhome.vn/uploads/2025/10/z7168717986510_5141bbfb32c41b8075109c9fd5cec6ad.jpg', 0, NULL);
INSERT INTO [dbo].[Image] ([image_id], [room_id], [image_url], [is_cover], [public_id]) VALUES (125, 29, N'https://v2.localhome.vn/uploads/2025/10/z7168717925156_93bdbadf9e0a63baada6f4b9b80dcc83.jpg', 0, NULL);
INSERT INTO [dbo].[Image] ([image_id], [room_id], [image_url], [is_cover], [public_id]) VALUES (126, 29, N'https://v2.localhome.vn/uploads/2025/10/z7168717925153_d46479479a1910a98aa52d7c1ff67565.jpg', 0, NULL);
INSERT INTO [dbo].[Image] ([image_id], [room_id], [image_url], [is_cover], [public_id]) VALUES (127, 30, N'https://v2.localhome.vn/uploads/2025/10/z7168717427049_4ea412a08efbce60d150ad28eb50e68d.jpg', 1, NULL);
INSERT INTO [dbo].[Image] ([image_id], [room_id], [image_url], [is_cover], [public_id]) VALUES (128, 30, N'https://v2.localhome.vn/uploads/2025/10/z7168717427047_b02e561096e0825163c508355fdfb10d.jpg', 0, NULL);
INSERT INTO [dbo].[Image] ([image_id], [room_id], [image_url], [is_cover], [public_id]) VALUES (129, 30, N'https://v2.localhome.vn/uploads/2025/10/z7168717427048_7dc68685916a670339ed5f22b50b2683.jpg', 0, NULL);
INSERT INTO [dbo].[Image] ([image_id], [room_id], [image_url], [is_cover], [public_id]) VALUES (130, 30, N'https://v2.localhome.vn/uploads/2025/10/z7168717427046_23fc7728ce92d58240c64101c69ff7d2.jpg', 0, NULL);
INSERT INTO [dbo].[Image] ([image_id], [room_id], [image_url], [is_cover], [public_id]) VALUES (131, 30, N'https://v2.localhome.vn/uploads/2025/10/z7168717426987_293b5b9edb89bb9895f590599b474176.jpg', 0, NULL);
INSERT INTO [dbo].[Image] ([image_id], [room_id], [image_url], [is_cover], [public_id]) VALUES (132, 31, N'https://v2.localhome.vn/uploads/2025/10/z6331387091741_ebc205ade29e90c594d6ff6fb855f72d.jpg', 1, NULL);
INSERT INTO [dbo].[Image] ([image_id], [room_id], [image_url], [is_cover], [public_id]) VALUES (133, 31, N'https://v2.localhome.vn/uploads/2025/10/z6331387499599_4bda48fe230747205166fa2d43b1e0fb.jpg', 0, NULL);
INSERT INTO [dbo].[Image] ([image_id], [room_id], [image_url], [is_cover], [public_id]) VALUES (134, 31, N'https://v2.localhome.vn/uploads/2025/10/z6618612983968_612a5cae4f9b0922cfddf7bf4426a478-e1749566247557.jpg', 0, NULL);
INSERT INTO [dbo].[Image] ([image_id], [room_id], [image_url], [is_cover], [public_id]) VALUES (135, 32, N'https://v2.localhome.vn/uploads/2025/10/IMG_7460-scaled-1.jpeg', 1, NULL);
INSERT INTO [dbo].[Image] ([image_id], [room_id], [image_url], [is_cover], [public_id]) VALUES (136, 32, N'https://v2.localhome.vn/uploads/2025/10/IMG_7459-scaled-1.jpeg', 0, NULL);
INSERT INTO [dbo].[Image] ([image_id], [room_id], [image_url], [is_cover], [public_id]) VALUES (137, 32, N'https://v2.localhome.vn/uploads/2025/10/IMG_9118-scaled-1.jpeg', 0, NULL);
INSERT INTO [dbo].[Image] ([image_id], [room_id], [image_url], [is_cover], [public_id]) VALUES (138, 33, N'https://v2.localhome.vn/uploads/2025/10/IMG_9256-scaled-1.jpeg', 1, NULL);
INSERT INTO [dbo].[Image] ([image_id], [room_id], [image_url], [is_cover], [public_id]) VALUES (139, 33, N'https://v2.localhome.vn/uploads/2025/10/IMG_9257-scaled-1.jpeg', 0, NULL);
INSERT INTO [dbo].[Image] ([image_id], [room_id], [image_url], [is_cover], [public_id]) VALUES (140, 33, N'https://v2.localhome.vn/uploads/2025/10/IMG_9258-scaled-1.jpeg', 0, NULL);
INSERT INTO [dbo].[Image] ([image_id], [room_id], [image_url], [is_cover], [public_id]) VALUES (141, 34, N'https://v2.localhome.vn/uploads/2025/10/IMG_8118-scaled-1.jpeg', 1, NULL);
INSERT INTO [dbo].[Image] ([image_id], [room_id], [image_url], [is_cover], [public_id]) VALUES (142, 34, N'https://v2.localhome.vn/uploads/2025/10/IMG_8119-scaled-1.jpeg', 0, NULL);
INSERT INTO [dbo].[Image] ([image_id], [room_id], [image_url], [is_cover], [public_id]) VALUES (143, 34, N'https://v2.localhome.vn/uploads/2025/10/IMG_8123-scaled-1.jpeg', 0, NULL);
INSERT INTO [dbo].[Image] ([image_id], [room_id], [image_url], [is_cover], [public_id]) VALUES (144, 35, N'https://v2.localhome.vn/uploads/2025/10/IMG_8823.jpeg', 1, NULL);
INSERT INTO [dbo].[Image] ([image_id], [room_id], [image_url], [is_cover], [public_id]) VALUES (145, 35, N'https://v2.localhome.vn/uploads/2025/10/IMG_8819-scaled-1.jpeg', 0, NULL);
INSERT INTO [dbo].[Image] ([image_id], [room_id], [image_url], [is_cover], [public_id]) VALUES (146, 35, N'https://v2.localhome.vn/uploads/2025/10/IMG_9259-scaled-1.jpeg', 0, NULL);
INSERT INTO [dbo].[Image] ([image_id], [room_id], [image_url], [is_cover], [public_id]) VALUES (147, 36, N'https://v2.localhome.vn/uploads/2025/10/IMG_7052-scaled-1.jpeg', 1, NULL);
INSERT INTO [dbo].[Image] ([image_id], [room_id], [image_url], [is_cover], [public_id]) VALUES (148, 36, N'https://v2.localhome.vn/uploads/2025/10/IMG_7065-scaled-1.jpeg', 0, NULL);
INSERT INTO [dbo].[Image] ([image_id], [room_id], [image_url], [is_cover], [public_id]) VALUES (149, 36, N'https://v2.localhome.vn/uploads/2025/10/IMG_7285-scaled-1.jpeg', 0, NULL);
INSERT INTO [dbo].[Image] ([image_id], [room_id], [image_url], [is_cover], [public_id]) VALUES (150, 37, N'https://v2.localhome.vn/uploads/2025/10/z7127088765884_e84544a660d5b4ddb051415f3dd87bc4-scaled.jpg', 1, NULL);
INSERT INTO [dbo].[Image] ([image_id], [room_id], [image_url], [is_cover], [public_id]) VALUES (151, 37, N'https://v2.localhome.vn/uploads/2025/10/z7127088762191_4461e880337a82f86cac8ac688f824ca.jpg', 0, NULL);
INSERT INTO [dbo].[Image] ([image_id], [room_id], [image_url], [is_cover], [public_id]) VALUES (152, 37, N'https://v2.localhome.vn/uploads/2025/10/z7127088754911_f1424ffeb886c7dab5401aa11165bcd2.jpg', 0, NULL);
INSERT INTO [dbo].[Image] ([image_id], [room_id], [image_url], [is_cover], [public_id]) VALUES (153, 37, N'https://v2.localhome.vn/uploads/2025/10/z7127088735522_16c6f8ba2594ecc4caf8c33b761740d6.jpg', 0, NULL);
INSERT INTO [dbo].[Image] ([image_id], [room_id], [image_url], [is_cover], [public_id]) VALUES (154, 38, N'https://v2.localhome.vn/uploads/2025/10/z7127092058861_fab30fb17f46a82afba5fb6534ea4f81.jpg', 1, NULL);
INSERT INTO [dbo].[Image] ([image_id], [room_id], [image_url], [is_cover], [public_id]) VALUES (155, 38, N'https://v2.localhome.vn/uploads/2025/10/z7127092047235_d9888d744402f6a865a5c0e841be1a99.jpg', 0, NULL);
INSERT INTO [dbo].[Image] ([image_id], [room_id], [image_url], [is_cover], [public_id]) VALUES (156, 38, N'https://v2.localhome.vn/uploads/2025/10/z7127092041694_4bf089d06b8fdbdea839036b8e32a34c.jpg', 0, NULL);
INSERT INTO [dbo].[Image] ([image_id], [room_id], [image_url], [is_cover], [public_id]) VALUES (157, 38, N'https://v2.localhome.vn/uploads/2025/10/z7127092035371_10ab6cefc2ffa1b0277a4733299dbe81.jpg', 0, NULL);
INSERT INTO [dbo].[Image] ([image_id], [room_id], [image_url], [is_cover], [public_id]) VALUES (158, 39, N'https://v2.localhome.vn/uploads/2025/10/z7127094083422_71d1eaf6a0bfb71f60c6cf701fc36872-Copy.jpg', 1, NULL);
INSERT INTO [dbo].[Image] ([image_id], [room_id], [image_url], [is_cover], [public_id]) VALUES (159, 39, N'https://v2.localhome.vn/uploads/2025/10/z7127094072553_5be248fd2b7bb1613ce0d647a66cd5b4.jpg', 0, NULL);
INSERT INTO [dbo].[Image] ([image_id], [room_id], [image_url], [is_cover], [public_id]) VALUES (160, 39, N'https://v2.localhome.vn/uploads/2025/10/z7127094067288_d97a755896a2ee43ee632fc73f7c4fdb.jpg', 0, NULL);
INSERT INTO [dbo].[Image] ([image_id], [room_id], [image_url], [is_cover], [public_id]) VALUES (161, 40, N'https://v2.localhome.vn/uploads/2025/10/z7127109806823_7f25ef83b2bdae562ab44deb6346afcf.jpg', 1, NULL);
INSERT INTO [dbo].[Image] ([image_id], [room_id], [image_url], [is_cover], [public_id]) VALUES (162, 40, N'https://v2.localhome.vn/uploads/2025/10/z7127109802207_4f4e8ce7a34b41980f1acc91fbe6a002-scaled.jpg', 0, NULL);
INSERT INTO [dbo].[Image] ([image_id], [room_id], [image_url], [is_cover], [public_id]) VALUES (163, 40, N'https://v2.localhome.vn/uploads/2025/10/z7127109796192_4b91b5b7d19e67a8030cf72942af91e1.jpg', 0, NULL);
INSERT INTO [dbo].[Image] ([image_id], [room_id], [image_url], [is_cover], [public_id]) VALUES (164, 40, N'https://v2.localhome.vn/uploads/2025/10/z7127109782522_f58d9749e826886a955aa2d74d249c70.jpg', 0, NULL);
INSERT INTO [dbo].[Image] ([image_id], [room_id], [image_url], [is_cover], [public_id]) VALUES (165, 41, N'https://v2.localhome.vn/uploads/2025/10/z7127113480090_6974f6edf1afc7e42d38bff3dc143358.jpg', 1, NULL);
INSERT INTO [dbo].[Image] ([image_id], [room_id], [image_url], [is_cover], [public_id]) VALUES (166, 41, N'https://v2.localhome.vn/uploads/2025/10/z7127113486305_6d7dc40ea4ba9bd89e9b320724be60a3.jpg', 0, NULL);
INSERT INTO [dbo].[Image] ([image_id], [room_id], [image_url], [is_cover], [public_id]) VALUES (167, 41, N'https://v2.localhome.vn/uploads/2025/10/z7127113497821_6dcf4eed23ba8f13324729fa5032bc19.jpg', 0, NULL);
INSERT INTO [dbo].[Image] ([image_id], [room_id], [image_url], [is_cover], [public_id]) VALUES (168, 42, N'https://v2.localhome.vn/uploads/2025/10/z7127116578273_4a98021a087e62b0f341a7feb1e0a940.jpg', 1, NULL);
INSERT INTO [dbo].[Image] ([image_id], [room_id], [image_url], [is_cover], [public_id]) VALUES (169, 42, N'https://v2.localhome.vn/uploads/2025/10/z7127116571339_d4a78e77fc2bbf1e3225dcf1778f040c.jpg', 0, NULL);
INSERT INTO [dbo].[Image] ([image_id], [room_id], [image_url], [is_cover], [public_id]) VALUES (170, 42, N'https://v2.localhome.vn/uploads/2025/10/z7127116566712_6569c247955b1eac554c510e9fc478cd-Copy.jpg', 0, NULL);
INSERT INTO [dbo].[Image] ([image_id], [room_id], [image_url], [is_cover], [public_id]) VALUES (171, 43, N'https://v2.localhome.vn/uploads/2025/10/z7127127242074_9f37019f2691b3971d730ee8113074bd.jpg', 1, NULL);
INSERT INTO [dbo].[Image] ([image_id], [room_id], [image_url], [is_cover], [public_id]) VALUES (172, 43, N'https://v2.localhome.vn/uploads/2025/10/z7127127235382_1b1e96c1f4a7ec1e483e67ab06c8fdca.jpg', 0, NULL);
INSERT INTO [dbo].[Image] ([image_id], [room_id], [image_url], [is_cover], [public_id]) VALUES (173, 43, N'https://v2.localhome.vn/uploads/2025/10/z7127127218187_d3aa193f9c27933c5502f1d519fbde67.jpg', 0, NULL);
INSERT INTO [dbo].[Image] ([image_id], [room_id], [image_url], [is_cover], [public_id]) VALUES (174, 43, N'https://v2.localhome.vn/uploads/2025/10/z7127127212147_6eb25cace6a90c36c101eaf9570c7311.jpg', 0, NULL);
INSERT INTO [dbo].[Image] ([image_id], [room_id], [image_url], [is_cover], [public_id]) VALUES (175, 44, N'https://v2.localhome.vn/uploads/2025/08/IMG_20241220_235414.jpg', 1, NULL);
INSERT INTO [dbo].[Image] ([image_id], [room_id], [image_url], [is_cover], [public_id]) VALUES (176, 44, N'https://v2.localhome.vn/uploads/2025/08/z6609229494611_45c594bcb9dd5a2fad96b3d0182398b4-e1748837064717.jpg', 0, NULL);
INSERT INTO [dbo].[Image] ([image_id], [room_id], [image_url], [is_cover], [public_id]) VALUES (177, 44, N'https://v2.localhome.vn/uploads/2025/08/z6609229499621_4f2b2fa909247a231e40da1873392499-e1748836990106.jpg', 0, NULL);
INSERT INTO [dbo].[Image] ([image_id], [room_id], [image_url], [is_cover], [public_id]) VALUES (178, 45, N'https://v2.localhome.vn/uploads/2025/08/z6891929987737_1dce01fb17f686d53c12702e48bdb813-scaled-1.jpg', 1, NULL);
INSERT INTO [dbo].[Image] ([image_id], [room_id], [image_url], [is_cover], [public_id]) VALUES (179, 45, N'https://v2.localhome.vn/uploads/2025/08/IMG_3671-scaled-1.jpeg', 0, NULL);
INSERT INTO [dbo].[Image] ([image_id], [room_id], [image_url], [is_cover], [public_id]) VALUES (180, 45, N'https://v2.localhome.vn/uploads/2025/08/z6891930020972_a6c7030269dd9e72184bda30eacc1836-scaled-1.jpg', 0, NULL);
INSERT INTO [dbo].[Image] ([image_id], [room_id], [image_url], [is_cover], [public_id]) VALUES (181, 46, N'https://v2.localhome.vn/uploads/2025/08/IMG_5249-1-scaled-1.jpeg', 1, NULL);
INSERT INTO [dbo].[Image] ([image_id], [room_id], [image_url], [is_cover], [public_id]) VALUES (182, 46, N'https://v2.localhome.vn/uploads/2025/08/IMG_7196-scaled.jpeg', 0, NULL);
INSERT INTO [dbo].[Image] ([image_id], [room_id], [image_url], [is_cover], [public_id]) VALUES (183, 46, N'https://v2.localhome.vn/uploads/2025/08/IMG_4583-scaled-1.jpeg', 0, NULL);
INSERT INTO [dbo].[Image] ([image_id], [room_id], [image_url], [is_cover], [public_id]) VALUES (184, 47, N'https://v2.localhome.vn/uploads/2025/08/z6891961107117_0861daf8bc5d99d5f40754b62eb7d1ae.jpg', 1, NULL);
INSERT INTO [dbo].[Image] ([image_id], [room_id], [image_url], [is_cover], [public_id]) VALUES (185, 47, N'https://v2.localhome.vn/uploads/2025/08/IMG_4982-scaled-1.jpeg', 0, NULL);
INSERT INTO [dbo].[Image] ([image_id], [room_id], [image_url], [is_cover], [public_id]) VALUES (186, 47, N'https://v2.localhome.vn/uploads/2025/08/z6890813949618_f1206dd9517c3a0e01c3b2a0e91d0c6c.jpg', 0, NULL);
INSERT INTO [dbo].[Image] ([image_id], [room_id], [image_url], [is_cover], [public_id]) VALUES (187, 48, N'https://v2.localhome.vn/uploads/2025/08/IMG_5267-scaled-1.jpeg', 1, NULL);
INSERT INTO [dbo].[Image] ([image_id], [room_id], [image_url], [is_cover], [public_id]) VALUES (188, 48, N'https://v2.localhome.vn/uploads/2025/08/IMG_5412-scaled-1.jpeg', 0, NULL);
INSERT INTO [dbo].[Image] ([image_id], [room_id], [image_url], [is_cover], [public_id]) VALUES (189, 48, N'https://v2.localhome.vn/uploads/2025/08/IMG_5410-scaled-1.jpeg', 0, NULL);
INSERT INTO [dbo].[Image] ([image_id], [room_id], [image_url], [is_cover], [public_id]) VALUES (190, 49, N'https://v2.localhome.vn/uploads/2025/08/photo_2024-12-16_14-25-15.jpg', 1, NULL);
INSERT INTO [dbo].[Image] ([image_id], [room_id], [image_url], [is_cover], [public_id]) VALUES (191, 49, N'https://v2.localhome.vn/uploads/2025/08/z6648354326086_a9c970486eacd2c288f23010156c237c-e1748840010549.jpg', 0, NULL);
INSERT INTO [dbo].[Image] ([image_id], [room_id], [image_url], [is_cover], [public_id]) VALUES (192, 49, N'https://v2.localhome.vn/uploads/2025/08/z6648354326085_d5a0f55720dc7f95ea1dc5a73ad6effe.jpg', 0, NULL);
INSERT INTO [dbo].[Image] ([image_id], [room_id], [image_url], [is_cover], [public_id]) VALUES (193, 50, N'https://v2.localhome.vn/uploads/2025/08/z6892376339864_07375a44fa8ceb63bca550f21fc6de5e-scaled-1.jpg', 1, NULL);
INSERT INTO [dbo].[Image] ([image_id], [room_id], [image_url], [is_cover], [public_id]) VALUES (194, 50, N'https://v2.localhome.vn/uploads/2025/08/z6892376320778_20a1419ab4b7bf45e7816362ed923fb2.jpg', 0, NULL);
INSERT INTO [dbo].[Image] ([image_id], [room_id], [image_url], [is_cover], [public_id]) VALUES (195, 50, N'https://v2.localhome.vn/uploads/2025/08/20241212_162401-scaled-1.jpg', 0, NULL);
INSERT INTO [dbo].[Image] ([image_id], [room_id], [image_url], [is_cover], [public_id]) VALUES (196, 51, N'https://v2.localhome.vn/uploads/2025/08/IMG_5418-scaled-1.jpeg', 1, NULL);
INSERT INTO [dbo].[Image] ([image_id], [room_id], [image_url], [is_cover], [public_id]) VALUES (197, 51, N'https://v2.localhome.vn/uploads/2025/08/IMG_5416-scaled-1.jpeg', 0, NULL);
INSERT INTO [dbo].[Image] ([image_id], [room_id], [image_url], [is_cover], [public_id]) VALUES (198, 51, N'https://v2.localhome.vn/uploads/2025/08/IMG_5421-scaled-1.jpeg', 0, NULL);
INSERT INTO [dbo].[Image] ([image_id], [room_id], [image_url], [is_cover], [public_id]) VALUES (199, 52, N'https://v2.localhome.vn/uploads/2026/02/z7534340136956_9612ec907a0c365ed31cf27e13844429.jpg', 1, NULL);
INSERT INTO [dbo].[Image] ([image_id], [room_id], [image_url], [is_cover], [public_id]) VALUES (200, 52, N'https://v2.localhome.vn/uploads/2026/02/z7534340126244_b32c579dacfc0181327ef5f47b9f454a.jpg', 0, NULL);
INSERT INTO [dbo].[Image] ([image_id], [room_id], [image_url], [is_cover], [public_id]) VALUES (201, 53, N'https://v2.localhome.vn/uploads/2026/02/z7538903862874_63623c09ba69fa95d0d3a54d19820cb9-e1771231419333.jpg', 1, NULL);
INSERT INTO [dbo].[Image] ([image_id], [room_id], [image_url], [is_cover], [public_id]) VALUES (202, 53, N'https://v2.localhome.vn/uploads/2026/02/z7538903868937_65e52128af2c9e1d277bea6130ae62fd-e1771231281749.jpg', 0, NULL);
SET IDENTITY_INSERT [dbo].[Image] OFF;
GO
